left_weight;left_distance;right_weight;right_distance;target;prediction;anchor_rule;anchor_rule_len;anchor_precision;anchor_coverage;anchor_precision_correct;anchor_coverage_correct
5.0;1.0;3.0;5.0;2;2;right_distance > 4.00 AND left_distance <= 2.00 AND right_weight > 2.00;3;1.0;0.0521;1.0;0.11764705882352941
4.0;4.0;4.0;5.0;2;2;right_distance > 4.00 AND right_weight > 3.00 AND left_distance <= 4.00;3;0.9788359788359788;0.0686;1.0;0.15384615384615385
1.0;1.0;2.0;2.0;2;2;left_distance <= 2.00 AND left_weight <= 2.00;2;0.8822525597269625;0.163;0.8674698795180723;0.3257918552036199
1.0;5.0;1.0;5.0;0;0;right_distance > 4.00 AND right_weight <= 2.00 AND left_weight <= 2.00 AND left_distance > 4.00;4;0.5133531157270029;0.0049;0.75;0.046153846153846156
1.0;5.0;3.0;5.0;2;2;right_distance > 4.00 AND left_weight <= 2.00 AND right_weight > 2.00;3;1.0;0.0523;1.0;0.12217194570135746
4.0;5.0;1.0;3.0;1;1;left_distance > 4.00 AND left_weight > 3.00 AND right_weight <= 2.00;3;1.0;0.0316;1.0;0.07834101382488479
4.0;5.0;5.0;2.0;1;1;left_distance > 4.00 AND right_distance <= 2.00 AND left_weight > 3.00;3;1.0;0.0302;1.0;0.07373271889400922
4.0;5.0;4.0;5.0;0;0;3.00 < left_weight <= 4.00 AND left_distance > 4.00 AND right_distance > 4.00 AND 3.00 < right_weight <= 4.00;4;1.0;0.001;1.0;0.03076923076923077
5.0;3.0;4.0;4.0;2;0;3.00 < right_weight <= 4.00 AND 2.00 < left_distance <= 3.00 AND 3.00 < right_distance <= 4.00 AND left_weight > 4.00;4;1.0;0.0017;1.0;0.03076923076923077
4.0;3.0;1.0;4.0;1;1;left_weight > 3.00 AND right_weight <= 2.00 AND left_distance > 2.00;3;0.9903225806451613;0.0843;1.0;0.2119815668202765
3.0;3.0;1.0;5.0;1;0;2.00 < left_weight <= 3.00 AND 2.00 < left_distance <= 3.00 AND right_weight <= 2.00 AND right_distance > 4.00;4;0.549150036954915;0.0043;0.6666666666666666;0.03076923076923077
4.0;2.0;4.0;1.0;1;1;right_distance <= 2.00 AND left_weight > 3.00 AND right_weight <= 4.00;3;0.9229534510433387;0.1416;0.9295774647887324;0.30414746543778803
4.0;1.0;5.0;5.0;2;2;right_weight > 4.00 AND right_distance > 4.00;2;0.978494623655914;0.0403;0.9523809523809523;0.09049773755656108
3.0;2.0;4.0;1.0;1;0;right_distance <= 2.00 AND 3.00 < right_weight <= 4.00 AND left_distance <= 2.00 AND 2.00 < left_weight <= 4.00;4;0.4080061585835258;0.0144;0.5;0.06153846153846154
5.0;3.0;2.0;4.0;1;1;left_weight > 4.00 AND right_weight <= 2.00 AND left_distance > 2.00;3;1.0;0.0387;1.0;0.09216589861751152
2.0;3.0;1.0;3.0;1;1;right_weight <= 2.00 AND right_distance <= 3.00 AND left_distance > 2.00;3;0.9579158316633266;0.1339;0.9571428571428572;0.3087557603686636
4.0;4.0;5.0;4.0;2;2;right_weight > 4.00 AND right_distance > 3.00 AND left_distance <= 4.00;3;0.9851851851851852;0.0646;0.9696969696969697;0.14479638009049775
1.0;2.0;4.0;3.0;2;2;left_weight <= 2.00 AND right_weight > 3.00 AND left_distance <= 2.00;3;1.0;0.0687;1.0;0.1583710407239819
1.0;3.0;5.0;4.0;2;2;right_weight > 4.00 AND right_distance > 3.00 AND left_weight <= 3.00;3;1.0;0.0486;1.0;0.11764705882352941
5.0;2.0;4.0;2.0;1;1;left_weight > 4.00 AND right_distance <= 2.00 AND right_weight <= 4.00;3;0.9659863945578231;0.0705;0.9722222222222222;0.16129032258064516
1.0;3.0;4.0;2.0;2;2;left_weight <= 2.00 AND right_weight > 3.00 AND left_distance <= 3.00;3;0.9850746268656716;0.0987;0.9803921568627451;0.22624434389140272
1.0;1.0;3.0;2.0;2;2;left_weight <= 2.00 AND left_distance <= 2.00 AND right_weight > 2.00;3;0.9925925925925926;0.0952;0.9803921568627451;0.22624434389140272
3.0;4.0;2.0;3.0;1;1;right_weight <= 2.00 AND left_distance > 3.00 AND left_weight > 2.00;3;0.9894459102902374;0.0994;1.0;0.22119815668202766
2.0;5.0;4.0;5.0;2;2;right_distance > 4.00 AND right_weight > 3.00;2;0.9514285714285714;0.0856;0.9302325581395349;0.18099547511312217
5.0;2.0;5.0;4.0;2;2;right_weight > 4.00 AND right_distance > 3.00 AND left_distance <= 3.00;3;1.0;0.0457;1.0;0.1085972850678733
2.0;3.0;5.0;5.0;2;2;right_weight > 4.00 AND right_distance > 4.00;2;0.9604221635883905;0.0331;0.9523809523809523;0.09049773755656108
1.0;4.0;2.0;4.0;2;2;left_weight <= 2.00 AND right_distance > 3.00 AND left_distance <= 4.00;3;0.9552572706935123;0.1257;0.9692307692307692;0.2850678733031674
4.0;3.0;4.0;5.0;2;2;right_distance > 4.00 AND right_weight > 3.00 AND left_distance <= 3.00;3;1.0;0.0549;1.0;0.12217194570135746
3.0;5.0;3.0;4.0;1;1;left_distance > 4.00 AND left_weight > 2.00 AND right_weight <= 3.00;3;0.9695740365111561;0.0723;0.972972972972973;0.16589861751152074
1.0;4.0;1.0;5.0;2;2;right_distance > 4.00 AND left_weight <= 2.00 AND left_distance <= 4.00;3;0.966903073286052;0.0689;0.9705882352941176;0.1493212669683258
1.0;1.0;5.0;4.0;2;2;right_weight > 4.00 AND left_weight <= 2.00 AND left_distance <= 2.00;3;1.0;0.0304;1.0;0.07239819004524888
4.0;1.0;4.0;1.0;0;0;3.00 < left_weight <= 4.00 AND right_distance <= 2.00 AND 3.00 < right_weight <= 4.00 AND left_distance <= 2.00;4;0.5392354124748491;0.0086;0.6;0.046153846153846156
3.0;3.0;2.0;1.0;1;1;right_weight <= 2.00 AND right_distance <= 2.00 AND left_weight > 2.00;3;0.9916434540389972;0.1012;1.0;0.22119815668202766
2.0;2.0;4.0;1.0;0;2;left_distance <= 2.00 AND right_weight > 3.00 AND left_weight <= 2.00;3;1.0;0.0667;1.0;0.1583710407239819
5.0;5.0;4.0;2.0;1;1;left_weight > 4.00 AND left_distance > 4.00;2;0.9535864978902954;0.0386;0.9523809523809523;0.09216589861751152
3.0;4.0;3.0;2.0;1;1;right_distance <= 2.00 AND left_distance > 3.00 AND right_weight <= 3.00;3;0.9917695473251029;0.087;1.0;0.2073732718894009
2.0;4.0;3.0;4.0;2;2;left_weight <= 2.00 AND right_distance > 3.00 AND right_weight > 2.00;3;0.9820971867007673;0.1013;0.9803921568627451;0.22624434389140272
2.0;1.0;3.0;3.0;2;2;left_distance <= 2.00 AND left_weight <= 2.00 AND right_weight > 2.00;3;0.9948051948051948;0.1031;0.9803921568627451;0.22624434389140272
5.0;3.0;3.0;4.0;1;1;left_weight > 4.00 AND left_distance > 2.00 AND right_weight <= 3.00;3;0.9577464788732394;0.0686;0.9696969696969697;0.14746543778801843
5.0;2.0;5.0;1.0;1;1;left_weight > 4.00 AND right_distance <= 2.00;2;0.9193548387096774;0.087;0.9069767441860465;0.17972350230414746
2.0;3.0;1.0;2.0;1;1;right_weight <= 2.00 AND right_distance <= 2.00 AND left_distance > 2.00;3;0.9784366576819407;0.0935;1.0;0.2119815668202765
1.0;1.0;2.0;5.0;2;2;right_distance > 4.00 AND left_weight <= 2.00 AND left_distance <= 3.00;3;1.0;0.0503;1.0;0.11312217194570136
4.0;2.0;2.0;3.0;1;1;right_weight <= 2.00 AND left_weight > 3.00 AND right_distance <= 3.00;3;0.9936708860759493;0.0996;1.0;0.2304147465437788
2.0;5.0;3.0;4.0;2;0;3.00 < right_distance <= 4.00 AND 2.00 < right_weight <= 3.00 AND left_weight <= 2.00 AND left_distance > 4.00;4;0.49451184286539573;0.005;0.6666666666666666;0.03076923076923077
4.0;2.0;2.0;4.0;0;0;3.00 < right_distance <= 4.00 AND right_weight <= 2.00 AND left_distance <= 2.00 AND 3.00 < left_weight <= 4.00;4;0.5075702956020187;0.0077;0.6;0.046153846153846156
5.0;5.0;3.0;1.0;1;1;left_distance > 4.00 AND left_weight > 4.00;2;0.9528985507246377;0.0382;0.9523809523809523;0.09216589861751152
3.0;1.0;4.0;4.0;2;2;left_distance <= 2.00 AND right_weight > 3.00 AND right_distance > 3.00;3;1.0;0.0648;1.0;0.15384615384615385
1.0;4.0;2.0;5.0;2;2;right_distance > 4.00 AND left_weight <= 2.00 AND left_distance <= 4.00;3;0.9801762114537445;0.0714;0.9705882352941176;0.1493212669683258
3.0;2.0;4.0;2.0;2;2;left_distance <= 2.00 AND right_weight > 3.00 AND left_weight <= 3.00;3;0.9873817034700315;0.1004;0.98;0.22171945701357465
3.0;3.0;3.0;3.0;0;0;2.00 < left_weight <= 3.00 AND 2.00 < right_weight <= 3.00 AND 2.00 < left_distance <= 3.00 AND 2.00 < right_distance <= 3.00;4;1.0;0.0023;1.0;0.03076923076923077
3.0;3.0;5.0;1.0;1;0;right_weight > 3.00 AND right_distance <= 2.00 AND 2.00 < left_weight <= 3.00 AND 2.00 < left_distance <= 3.00;4;0.5622825330549757;0.0087;0.6;0.046153846153846156
4.0;2.0;1.0;4.0;1;1;right_weight <= 2.00 AND left_weight > 3.00 AND right_distance <= 4.00;3;0.9328537170263789;0.1327;0.9402985074626866;0.2903225806451613
5.0;5.0;2.0;2.0;1;1;left_weight > 4.00 AND right_weight <= 2.00 AND left_distance > 4.00;3;1.0;0.015;1.0;0.041474654377880185
2.0;5.0;5.0;3.0;2;2;right_weight > 4.00 AND left_weight <= 2.00 AND right_distance > 2.00;3;1.0;0.0494;1.0;0.11764705882352941
5.0;1.0;2.0;2.0;1;1;left_weight > 4.00 AND right_distance <= 2.00 AND right_weight <= 2.00;3;1.0;0.0352;1.0;0.08294930875576037
3.0;2.0;5.0;5.0;2;2;right_distance > 4.00 AND right_weight > 4.00;2;0.9722222222222222;0.0374;0.9523809523809523;0.09049773755656108
2.0;2.0;1.0;4.0;0;2;left_weight <= 2.00 AND left_distance <= 2.00 AND right_distance > 3.00;3;1.0;0.0621;1.0;0.1493212669683258
1.0;4.0;1.0;1.0;1;1;right_distance <= 2.00 AND right_weight <= 2.00 AND left_distance > 3.00;3;1.0;0.0633;1.0;0.14746543778801843
1.0;4.0;4.0;3.0;2;2;left_weight <= 2.00 AND right_weight > 3.00 AND right_distance > 2.00;3;0.9709443099273608;0.1032;0.9811320754716981;0.23529411764705882
3.0;3.0;5.0;2.0;2;2;right_weight > 4.00 AND left_weight <= 3.00 AND left_distance <= 3.00;3;0.9725;0.0691;0.9714285714285714;0.15384615384615385
1.0;3.0;4.0;4.0;2;2;right_weight > 3.00 AND right_distance > 3.00 AND left_weight <= 2.00;3;1.0;0.0658;1.0;0.1583710407239819
1.0;1.0;4.0;1.0;2;2;left_weight <= 2.00 AND right_weight > 3.00 AND left_distance <= 2.00;3;1.0;0.0675;1.0;0.1583710407239819
4.0;1.0;2.0;1.0;1;1;right_distance <= 2.00 AND right_weight <= 2.00 AND left_weight > 3.00;3;1.0;0.0642;1.0;0.15668202764976957
2.0;4.0;1.0;5.0;1;0;right_distance > 3.00 AND right_weight <= 2.00 AND 3.00 < left_distance <= 4.00 AND left_weight <= 2.00;4;0.4101876675603217;0.0073;0.4;0.03076923076923077
1.0;4.0;3.0;4.0;2;2;right_distance > 3.00 AND left_weight <= 2.00 AND right_weight > 2.00;3;0.9847094801223242;0.1013;0.9803921568627451;0.22624434389140272
5.0;1.0;5.0;3.0;2;2;right_weight > 4.00 AND left_distance <= 2.00 AND right_distance > 2.00;3;1.0;0.0469;1.0;0.1085972850678733
1.0;5.0;4.0;3.0;2;2;left_weight <= 2.00 AND right_weight > 3.00 AND right_distance > 2.00;3;0.9859154929577465;0.1028;0.9811320754716981;0.23529411764705882
4.0;2.0;4.0;2.0;0;0;3.00 < left_weight <= 4.00 AND right_distance <= 2.00 AND left_distance <= 2.00 AND 3.00 < right_weight <= 4.00;4;0.5401234567901234;0.0083;0.6;0.046153846153846156
4.0;3.0;4.0;2.0;1;1;left_weight > 3.00 AND right_distance <= 2.00 AND left_distance > 2.00;3;0.9825581395348837;0.1028;0.9807692307692307;0.2350230414746544
1.0;2.0;2.0;4.0;2;2;left_weight <= 2.00 AND right_distance > 3.00 AND left_distance <= 2.00;3;1.0;0.0628;1.0;0.1493212669683258
1.0;1.0;1.0;1.0;0;0;right_distance <= 2.00 AND left_weight <= 2.00 AND right_weight <= 2.00 AND left_distance <= 2.00;4;0.4049904030710173;0.0233;0.46153846153846156;0.09230769230769231
5.0;5.0;4.0;3.0;1;1;left_weight > 4.00 AND left_distance > 4.00 AND right_distance <= 3.00;3;1.0;0.0215;1.0;0.055299539170506916
3.0;4.0;2.0;4.0;1;1;left_distance > 3.00 AND right_weight <= 2.00 AND left_weight > 2.00;3;0.9869281045751634;0.0963;1.0;0.22119815668202766
3.0;5.0;5.0;5.0;2;2;right_weight > 4.00 AND right_distance > 4.00;2;0.9565217391304348;0.0388;0.9523809523809523;0.09049773755656108
3.0;5.0;3.0;1.0;1;1;left_distance > 4.00 AND right_distance <= 2.00 AND left_weight > 2.00;3;1.0;0.0468;1.0;0.1152073732718894
4.0;4.0;1.0;3.0;1;1;right_weight <= 2.00 AND left_distance > 3.00 AND left_weight > 3.00;3;1.0;0.0592;1.0;0.14285714285714285
5.0;4.0;2.0;3.0;1;1;left_weight > 4.00 AND right_weight <= 2.00 AND left_distance > 3.00;3;1.0;0.0244;1.0;0.06451612903225806
1.0;1.0;5.0;3.0;2;2;right_weight > 4.00 AND left_weight <= 2.00 AND left_distance <= 2.00;3;1.0;0.0329;1.0;0.07239819004524888
4.0;5.0;1.0;5.0;1;1;left_distance > 4.00 AND right_weight <= 2.00 AND left_weight > 3.00;3;1.0;0.0326;1.0;0.07834101382488479
1.0;5.0;4.0;2.0;2;0;left_distance > 4.00 AND left_weight <= 2.00 AND right_weight > 3.00 AND right_distance <= 2.00;4;0.39925925925925926;0.0162;0.4444444444444444;0.06153846153846154
1.0;4.0;3.0;5.0;2;2;right_distance > 4.00 AND left_weight <= 2.00 AND right_weight > 2.00;3;1.0;0.0558;1.0;0.12217194570135746
2.0;3.0;2.0;3.0;0;0;left_weight <= 2.00 AND right_weight <= 2.00 AND 2.00 < left_distance <= 3.00 AND 2.00 < right_distance <= 3.00;4;0.4700570342205323;0.0088;0.6;0.046153846153846156
2.0;5.0;5.0;4.0;2;2;right_weight > 4.00 AND left_weight <= 2.00 AND right_distance > 2.00;3;1.0;0.0528;1.0;0.11764705882352941
4.0;5.0;5.0;5.0;2;2;right_distance > 4.00 AND right_weight > 4.00;2;0.9823788546255506;0.0402;0.9523809523809523;0.09049773755656108
1.0;1.0;4.0;4.0;2;2;left_distance <= 2.00 AND left_weight <= 2.00 AND right_distance > 3.00;3;1.0;0.0622;1.0;0.1493212669683258
3.0;4.0;4.0;2.0;1;1;right_distance <= 2.00 AND left_distance > 3.00 AND left_weight > 2.00;3;0.9727520435967303;0.097;0.9803921568627451;0.2304147465437788
4.0;1.0;3.0;4.0;2;2;left_distance <= 2.00 AND right_distance > 3.00 AND right_weight > 2.00;3;0.9900497512437811;0.0977;0.9803921568627451;0.22624434389140272
2.0;1.0;4.0;5.0;2;2;right_distance > 4.00 AND left_weight <= 2.00 AND right_weight > 3.00;3;1.0;0.0329;1.0;0.08144796380090498
4.0;3.0;5.0;4.0;2;2;right_weight > 4.00 AND right_distance > 3.00 AND left_distance <= 3.00;3;1.0;0.0457;1.0;0.1085972850678733
3.0;2.0;5.0;4.0;2;2;right_weight > 4.00 AND left_distance <= 2.00 AND right_distance > 2.00;3;1.0;0.0472;1.0;0.1085972850678733
5.0;4.0;4.0;1.0;1;1;left_weight > 4.00 AND left_distance > 3.00 AND right_distance <= 2.00;3;1.0;0.0318;1.0;0.07834101382488479
5.0;2.0;2.0;4.0;1;1;left_weight > 4.00 AND right_weight <= 2.00 AND right_distance <= 4.00;3;0.974025974025974;0.065;0.9696969696969697;0.14746543778801843
3.0;2.0;1.0;1.0;1;1;right_distance <= 2.00 AND right_weight <= 2.00 AND left_weight > 2.00;3;0.9813664596273292;0.0953;1.0;0.22119815668202766
3.0;1.0;3.0;5.0;2;2;right_distance > 4.00 AND left_distance <= 2.00 AND right_weight > 2.00;3;1.0;0.0509;1.0;0.11764705882352941
3.0;5.0;4.0;3.0;1;1;left_distance > 4.00 AND left_weight > 2.00 AND right_distance <= 3.00;3;0.9883268482490273;0.0673;0.9722222222222222;0.16129032258064516
4.0;3.0;3.0;2.0;1;1;left_weight > 3.00 AND right_distance <= 2.00 AND right_weight <= 3.00;3;0.978978978978979;0.0965;0.9807692307692307;0.2350230414746544
2.0;2.0;4.0;3.0;2;2;left_weight <= 2.00 AND left_distance <= 2.00 AND right_weight > 3.00;3;1.0;0.0667;1.0;0.1583710407239819
1.0;3.0;1.0;5.0;2;2;right_distance > 4.00 AND left_weight <= 2.00 AND left_distance <= 3.00;3;1.0;0.0452;1.0;0.11312217194570136
3.0;2.0;3.0;5.0;2;2;right_distance > 4.00 AND left_distance <= 2.00 AND right_weight > 2.00;3;1.0;0.0503;1.0;0.11764705882352941
1.0;2.0;5.0;2.0;2;2;right_weight > 4.00 AND left_weight <= 2.00 AND left_distance <= 2.00;3;1.0;0.0271;1.0;0.07239819004524888
1.0;4.0;4.0;4.0;2;2;left_weight <= 2.00 AND right_distance > 3.00 AND right_weight > 3.00;3;1.0;0.066;1.0;0.1583710407239819
3.0;2.0;3.0;3.0;2;2;left_distance <= 2.00 AND right_weight > 2.00 AND left_weight <= 3.00;3;0.9789473684210527;0.1474;0.958904109589041;0.3167420814479638
4.0;2.0;5.0;1.0;1;0;3.00 < left_weight <= 4.00 AND right_distance <= 2.00 AND left_distance <= 2.00 AND right_weight > 3.00;4;0.41971207087486156;0.0127;0.5714285714285714;0.06153846153846154
1.0;5.0;2.0;4.0;2;0;left_weight <= 2.00 AND left_distance > 4.00 AND right_distance > 3.00 AND right_weight <= 2.00;4;0.38750796685787126;0.0128;0.5714285714285714;0.06153846153846154
3.0;2.0;5.0;2.0;2;2;right_weight > 4.00 AND left_distance <= 2.00 AND left_weight <= 3.00;3;1.0;0.0438;1.0;0.10407239819004525
2.0;3.0;5.0;1.0;1;2;right_weight > 4.00 AND left_weight <= 2.00 AND left_distance <= 3.00;3;1.0;0.0415;1.0;0.10407239819004525
5.0;5.0;5.0;5.0;0;0;left_distance > 4.00 AND right_weight > 4.00 AND right_distance > 4.00 AND left_weight > 4.00;4;1.0;0.002;1.0;0.03076923076923077
5.0;1.0;4.0;3.0;2;2;left_distance <= 2.00 AND right_weight > 3.00 AND right_distance > 2.00;3;0.9852941176470589;0.1051;0.9803921568627451;0.22624434389140272
5.0;4.0;5.0;1.0;1;1;left_weight > 4.00 AND right_distance <= 2.00 AND left_distance > 3.00;3;1.0;0.0334;1.0;0.07834101382488479
3.0;5.0;3.0;5.0;0;0;2.00 < left_weight <= 3.00 AND 2.00 < right_weight <= 3.00 AND right_distance > 4.00 AND left_distance > 4.00;4;1.0;0.0021;1.0;0.03076923076923077
4.0;2.0;3.0;5.0;2;2;right_distance > 4.00 AND left_distance <= 2.00 AND right_weight > 2.00;3;1.0;0.0499;1.0;0.11764705882352941
1.0;1.0;2.0;3.0;2;2;left_weight <= 2.00 AND left_distance <= 2.00 AND right_distance > 2.00;3;0.9787234042553191;0.1014;0.9803921568627451;0.22624434389140272
4.0;2.0;4.0;5.0;2;2;right_distance > 4.00 AND right_weight > 3.00 AND left_distance <= 2.00;3;1.0;0.0346;1.0;0.07692307692307693
4.0;3.0;2.0;1.0;1;1;right_distance <= 2.00 AND left_weight > 3.00 AND right_weight <= 2.00;3;1.0;0.0682;1.0;0.15668202764976957
3.0;4.0;1.0;5.0;1;1;right_weight <= 2.00 AND left_distance > 3.00 AND left_weight > 2.00;3;0.98989898989899;0.0974;1.0;0.22119815668202766
2.0;5.0;2.0;5.0;0;0;right_distance > 4.00 AND left_distance > 4.00 AND left_weight <= 2.00 AND right_weight <= 2.00;4;0.5283875851627555;0.0071;0.75;0.046153846153846156
3.0;2.0;1.0;4.0;1;0;3.00 < right_distance <= 4.00 AND right_weight <= 2.00 AND 2.00 < left_weight <= 4.00 AND left_distance <= 2.00;4;0.3922187171398528;0.0165;0.4444444444444444;0.06153846153846154
5.0;1.0;3.0;2.0;2;1;left_weight > 4.00 AND right_distance <= 2.00 AND right_weight <= 3.00;3;1.0;0.0471;1.0;0.12442396313364056
1.0;3.0;4.0;5.0;2;2;right_distance > 4.00 AND right_weight > 3.00 AND left_weight <= 2.00;3;1.0;0.0322;1.0;0.08144796380090498
5.0;5.0;5.0;4.0;1;1;left_weight > 4.00 AND left_distance > 4.00;2;0.958904109589041;0.0366;0.9523809523809523;0.09216589861751152
4.0;3.0;3.0;5.0;2;2;right_distance > 4.00 AND right_weight > 2.00 AND left_distance <= 3.00;3;0.9841688654353562;0.08;0.975609756097561;0.18099547511312217
3.0;3.0;1.0;3.0;1;1;right_weight <= 2.00 AND left_distance > 2.00 AND right_distance <= 3.00;3;0.9526315789473684;0.141;0.9571428571428572;0.3087557603686636
4.0;5.0;5.0;3.0;1;1;left_distance > 4.00 AND left_weight > 3.00 AND right_distance <= 3.00;3;1.0;0.0422;1.0;0.10599078341013825
2.0;5.0;5.0;5.0;2;2;right_weight > 4.00 AND right_distance > 4.00;2;0.9664082687338501;0.0422;0.9523809523809523;0.09049773755656108
3.0;2.0;1.0;3.0;1;1;right_weight <= 2.00 AND left_weight > 2.00 AND right_distance <= 3.00;3;0.975;0.14;0.9722222222222222;0.3225806451612903
2.0;1.0;5.0;5.0;2;2;right_weight > 4.00 AND right_distance > 4.00;2;0.9568527918781726;0.0438;0.9523809523809523;0.09049773755656108
1.0;5.0;5.0;5.0;2;2;right_distance > 4.00 AND right_weight > 4.00;2;0.9771428571428571;0.0385;0.9523809523809523;0.09049773755656108
4.0;4.0;4.0;1.0;1;1;left_weight > 3.00 AND right_distance <= 2.00 AND left_distance > 3.00;3;1.0;0.0685;1.0;0.15668202764976957
5.0;1.0;2.0;1.0;1;1;left_weight > 4.00 AND right_distance <= 2.00 AND right_weight <= 2.00;3;1.0;0.0298;1.0;0.08294930875576037
2.0;3.0;3.0;1.0;1;1;right_distance <= 2.00 AND right_weight <= 3.00 AND left_distance > 2.00;3;0.9433497536945813;0.1261;0.9696969696969697;0.29493087557603687
4.0;4.0;3.0;3.0;1;1;left_distance > 3.00 AND left_weight > 3.00 AND right_weight <= 3.00;3;0.9873150105708245;0.0915;0.9787234042553191;0.2119815668202765
3.0;3.0;4.0;2.0;1;0;2.00 < left_weight <= 3.00 AND right_distance <= 2.00 AND 2.00 < left_distance <= 3.00 AND right_weight > 3.00;4;0.5480283114256825;0.0065;0.6;0.046153846153846156
5.0;5.0;4.0;1.0;1;1;left_weight > 4.00 AND left_distance > 4.00;2;0.96875;0.0391;0.9523809523809523;0.09216589861751152
5.0;3.0;5.0;5.0;2;2;right_weight > 4.00 AND right_distance > 4.00;2;0.9736842105263158;0.0389;0.9523809523809523;0.09049773755656108
4.0;5.0;4.0;4.0;1;1;left_distance > 4.00 AND left_weight > 3.00 AND right_distance <= 4.00;3;0.9867549668874173;0.0622;0.96875;0.14285714285714285
2.0;1.0;4.0;2.0;2;2;left_distance <= 2.00 AND left_weight <= 2.00 AND right_weight > 3.00;3;1.0;0.0678;1.0;0.1583710407239819
1.0;1.0;4.0;5.0;2;2;right_distance > 4.00 AND left_weight <= 2.00 AND right_weight > 3.00;3;1.0;0.035;1.0;0.08144796380090498
2.0;2.0;5.0;3.0;2;2;right_weight > 4.00 AND left_weight <= 2.00 AND left_distance <= 2.00;3;1.0;0.0307;1.0;0.07239819004524888
4.0;5.0;4.0;1.0;1;1;left_distance > 4.00 AND right_distance <= 2.00 AND left_weight > 3.00;3;1.0;0.0303;1.0;0.07373271889400922
5.0;2.0;1.0;5.0;1;1;left_weight > 4.00 AND right_weight <= 2.00;2;0.925512104283054;0.0701;0.9459459459459459;0.16129032258064516
1.0;2.0;1.0;1.0;1;1;right_distance <= 2.00 AND right_weight <= 2.00;2;0.9020979020979021;0.1538;0.8961038961038961;0.31797235023041476
4.0;2.0;2.0;5.0;2;2;right_distance > 4.00 AND left_distance <= 2.00 AND left_weight <= 4.00;3;0.967741935483871;0.0653;0.9696969696969697;0.14479638009049775
4.0;5.0;2.0;2.0;1;1;left_distance > 4.00 AND right_weight <= 2.00 AND right_distance <= 3.00;3;1.0;0.048;1.0;0.10599078341013825
4.0;1.0;1.0;3.0;1;1;right_weight <= 2.00 AND left_weight > 3.00 AND right_distance <= 3.00;3;0.9894366197183099;0.1001;1.0;0.2304147465437788
3.0;3.0;5.0;3.0;2;2;right_weight > 4.00 AND right_distance > 2.00 AND left_distance <= 3.00;3;0.9899665551839465;0.0694;0.9722222222222222;0.1583710407239819
2.0;5.0;5.0;1.0;1;1;left_distance > 4.00 AND right_distance <= 2.00;2;0.8984674329501916;0.0834;0.9024390243902439;0.17050691244239632
5.0;2.0;3.0;5.0;2;2;right_distance > 4.00 AND left_distance <= 2.00 AND right_weight > 2.00;3;1.0;0.0496;1.0;0.11764705882352941
2.0;2.0;1.0;5.0;2;2;right_distance > 4.00 AND left_distance <= 2.00 AND left_weight <= 3.00;3;1.0;0.042;1.0;0.10407239819004525
2.0;1.0;1.0;2.0;0;0;right_weight <= 2.00 AND left_weight <= 2.00 AND left_distance <= 2.00 AND right_distance <= 2.00;4;0.3851744186046512;0.0223;0.46153846153846156;0.09230769230769231
5.0;5.0;3.0;2.0;1;1;left_weight > 4.00 AND left_distance > 4.00 AND right_distance <= 2.00;3;1.0;0.0137;1.0;0.03686635944700461
1.0;5.0;3.0;4.0;2;2;left_weight <= 2.00 AND right_distance > 3.00 AND right_weight > 2.00;3;0.984375;0.0989;0.9803921568627451;0.22624434389140272
2.0;2.0;5.0;4.0;2;2;right_weight > 4.00 AND right_distance > 3.00 AND left_weight <= 3.00;3;1.0;0.0532;1.0;0.11764705882352941
1.0;3.0;2.0;3.0;2;2;left_weight <= 2.00 AND left_distance <= 3.00 AND right_distance > 2.00;3;0.9258589511754068;0.1522;0.9342105263157895;0.3212669683257919
3.0;4.0;5.0;5.0;2;2;right_distance > 4.00 AND right_weight > 4.00;2;0.9823529411764705;0.0387;0.9523809523809523;0.09049773755656108
2.0;4.0;5.0;3.0;2;2;right_weight > 4.00 AND left_weight <= 2.00 AND right_distance > 2.00;3;1.0;0.0496;1.0;0.11764705882352941
3.0;2.0;2.0;1.0;1;1;right_weight <= 2.00 AND right_distance <= 2.00 AND left_weight > 2.00;3;0.9877675840978594;0.0936;1.0;0.22119815668202766
1.0;1.0;4.0;3.0;2;2;left_weight <= 2.00 AND right_weight > 3.00 AND left_distance <= 2.00;3;1.0;0.0722;1.0;0.1583710407239819
4.0;2.0;1.0;5.0;1;0;right_distance > 3.00 AND right_weight <= 2.00 AND left_distance <= 2.00 AND 3.00 < left_weight <= 4.00;4;0.4158757549611734;0.0163;0.4444444444444444;0.06153846153846154
3.0;1.0;2.0;1.0;1;1;right_distance <= 2.00 AND right_weight <= 2.00 AND left_weight > 2.00;3;0.9917695473251029;0.0934;1.0;0.22119815668202766
3.0;4.0;2.0;2.0;1;1;right_weight <= 2.00 AND right_distance <= 2.00 AND left_distance > 3.00;3;1.0;0.0605;1.0;0.14746543778801843
5.0;4.0;5.0;3.0;1;1;left_weight > 4.00 AND left_distance > 3.00 AND right_distance <= 3.00;3;1.0;0.0485;1.0;0.1152073732718894
2.0;3.0;4.0;1.0;1;0;2.00 < left_distance <= 3.00 AND 2.00 < right_weight <= 4.00 AND right_distance <= 2.00 AND left_weight <= 3.00;4;0.3534715960324617;0.0163;0.4;0.06153846153846154
3.0;4.0;5.0;2.0;1;0;right_distance <= 2.00 AND right_weight > 4.00 AND 3.00 < left_distance <= 4.00 AND 2.00 < left_weight <= 3.00;4;0.5464135021097046;0.0042;0.6666666666666666;0.03076923076923077
5.0;2.0;5.0;3.0;2;2;right_weight > 4.00 AND left_distance <= 2.00 AND right_distance > 2.00;3;1.0;0.0441;1.0;0.1085972850678733
5.0;3.0;1.0;2.0;1;1;left_weight > 4.00 AND right_weight <= 2.00 AND right_distance <= 2.00;3;1.0;0.0347;1.0;0.08294930875576037
1.0;4.0;4.0;5.0;2;2;right_distance > 4.00 AND right_weight > 3.00 AND left_weight <= 2.00;3;1.0;0.0354;1.0;0.08144796380090498
2.0;3.0;2.0;1.0;1;1;right_distance <= 2.00 AND right_weight <= 2.00 AND left_distance > 2.00;3;0.9911894273127754;0.0909;1.0;0.2119815668202765
5.0;4.0;5.0;2.0;1;1;left_weight > 4.00 AND right_distance <= 2.00 AND left_distance > 3.00;3;1.0;0.0305;1.0;0.07834101382488479
4.0;1.0;1.0;1.0;1;1;right_weight <= 2.00 AND right_distance <= 2.00 AND left_weight > 3.00;3;1.0;0.0645;1.0;0.15668202764976957
3.0;5.0;2.0;2.0;1;1;left_distance > 4.00 AND right_weight <= 2.00 AND right_distance <= 3.00;3;1.0;0.0418;1.0;0.10599078341013825
3.0;4.0;3.0;4.0;0;0;2.00 < right_weight <= 3.00 AND 3.00 < left_distance <= 4.00 AND 2.00 < left_weight <= 3.00 AND 3.00 < right_distance <= 4.00;4;1.0;0.0028;1.0;0.03076923076923077
1.0;1.0;2.0;1.0;2;2;left_distance <= 2.00 AND left_weight <= 2.00;2;0.8561354019746121;0.1676;0.8674698795180723;0.3257918552036199
1.0;2.0;5.0;1.0;2;2;right_weight > 4.00 AND left_weight <= 2.00 AND left_distance <= 2.00;3;1.0;0.0318;1.0;0.07239819004524888
3.0;3.0;4.0;5.0;2;2;right_distance > 4.00 AND right_weight > 3.00 AND left_weight <= 3.00;3;1.0;0.0491;1.0;0.11312217194570136
4.0;2.0;5.0;4.0;2;2;right_weight > 4.00 AND right_distance > 3.00 AND left_distance <= 3.00;3;1.0;0.0447;1.0;0.1085972850678733
5.0;5.0;2.0;1.0;1;1;left_distance > 4.00 AND left_weight > 4.00;2;0.9529411764705882;0.042;0.9523809523809523;0.09216589861751152
1.0;1.0;4.0;2.0;2;2;left_weight <= 2.00 AND left_distance <= 2.00 AND right_weight > 3.00;3;1.0;0.0681;1.0;0.1583710407239819
1.0;2.0;5.0;4.0;2;2;right_weight > 4.00 AND left_weight <= 2.00 AND left_distance <= 2.00;3;1.0;0.0302;1.0;0.07239819004524888
5.0;5.0;1.0;4.0;1;1;left_distance > 4.00 AND left_weight > 4.00;2;0.9587020648967551;0.041;0.9523809523809523;0.09216589861751152
5.0;3.0;4.0;5.0;2;2;right_distance > 4.00 AND right_weight > 3.00 AND left_distance <= 3.00;3;1.0;0.0505;1.0;0.12217194570135746
1.0;1.0;1.0;4.0;2;2;left_weight <= 2.00 AND left_distance <= 2.00 AND right_distance > 3.00;3;1.0;0.0579;1.0;0.1493212669683258
3.0;5.0;1.0;5.0;1;1;left_distance > 4.00 AND right_weight <= 2.00 AND left_weight > 2.00;3;1.0;0.0446;1.0;0.1152073732718894
3.0;4.0;1.0;3.0;1;1;right_weight <= 2.00 AND left_distance > 3.00 AND left_weight > 2.00;3;0.9875311720698254;0.094;1.0;0.22119815668202766
5.0;4.0;3.0;5.0;1;1;left_weight > 4.00 AND left_distance > 3.00 AND right_weight <= 3.00;3;1.0;0.0382;1.0;0.10138248847926268
4.0;1.0;4.0;4.0;2;2;right_weight > 3.00 AND right_distance > 3.00 AND left_distance <= 2.00;3;1.0;0.0654;1.0;0.15384615384615385
5.0;2.0;3.0;3.0;1;1;left_weight > 4.00 AND right_distance <= 3.00 AND right_weight <= 3.00;3;0.9634146341463414;0.0767;1.0;0.17511520737327188
3.0;4.0;1.0;4.0;1;1;right_weight <= 2.00 AND left_distance > 3.00 AND left_weight > 2.00;3;0.9938461538461538;0.093;1.0;0.22119815668202766
2.0;5.0;1.0;1.0;1;1;left_distance > 4.00 AND right_distance <= 2.00 AND right_weight <= 3.00;3;1.0;0.0432;1.0;0.10599078341013825
1.0;2.0;1.0;2.0;0;0;right_distance <= 2.00 AND left_distance <= 2.00 AND left_weight <= 2.00 AND right_weight <= 2.00;4;0.407811080835604;0.0232;0.46153846153846156;0.09230769230769231
5.0;1.0;4.0;4.0;2;2;left_distance <= 2.00 AND right_distance > 3.00 AND right_weight > 3.00;3;1.0;0.0673;1.0;0.15384615384615385
3.0;1.0;3.0;4.0;2;2;left_distance <= 2.00 AND right_distance > 3.00 AND right_weight > 2.00;3;0.9927884615384616;0.1037;0.9803921568627451;0.22624434389140272
1.0;3.0;1.0;1.0;1;1;right_distance <= 2.00 AND right_weight <= 2.00 AND left_distance > 2.00;3;0.9873737373737373;0.0911;1.0;0.2119815668202765
2.0;5.0;1.0;5.0;1;1;left_distance > 4.00 AND right_weight <= 2.00;2;0.9204946996466431;0.08;0.925;0.17050691244239632
1.0;2.0;3.0;3.0;2;2;left_weight <= 2.00 AND left_distance <= 2.00 AND right_distance > 2.00;3;0.98;0.1032;0.9803921568627451;0.22624434389140272
2.0;2.0;2.0;3.0;2;2;left_weight <= 2.00 AND left_distance <= 2.00 AND right_distance > 2.00;3;0.9846491228070176;0.0993;0.9803921568627451;0.22624434389140272
2.0;5.0;3.0;3.0;1;1;left_distance > 4.00 AND right_weight <= 3.00 AND right_distance <= 3.00;3;0.9748427672955975;0.0633;0.9696969696969697;0.14746543778801843
5.0;4.0;5.0;4.0;0;0;3.00 < right_distance <= 4.00 AND left_weight > 4.00 AND 3.00 < left_distance <= 4.00 AND right_weight > 4.00;4;1.0;0.0015;1.0;0.03076923076923077
2.0;3.0;1.0;1.0;1;1;right_weight <= 2.00 AND right_distance <= 2.00 AND left_distance > 2.00;3;0.9947916666666666;0.0868;1.0;0.2119815668202765
5.0;1.0;5.0;4.0;2;2;right_weight > 4.00 AND left_distance <= 2.00 AND right_distance > 2.00;3;1.0;0.0464;1.0;0.1085972850678733
5.0;2.0;2.0;1.0;1;1;left_weight > 4.00 AND right_weight <= 2.00 AND right_distance <= 2.00;3;1.0;0.0352;1.0;0.08294930875576037
2.0;3.0;4.0;5.0;2;2;right_distance > 4.00 AND left_weight <= 2.00 AND right_weight > 3.00;3;1.0;0.0354;1.0;0.08144796380090498
5.0;2.0;1.0;1.0;1;1;left_weight > 4.00 AND right_weight <= 2.00 AND right_distance <= 2.00;3;1.0;0.0341;1.0;0.08294930875576037
3.0;5.0;1.0;4.0;1;1;left_distance > 4.00 AND right_weight <= 2.00 AND left_weight > 2.00;3;1.0;0.0504;1.0;0.1152073732718894
5.0;5.0;1.0;3.0;1;1;left_weight > 4.00 AND left_distance > 4.00;2;0.9581589958158996;0.0406;0.9523809523809523;0.09216589861751152
5.0;2.0;2.0;2.0;1;1;left_weight > 4.00 AND right_weight <= 2.00 AND right_distance <= 2.00;3;1.0;0.0342;1.0;0.08294930875576037
1.0;3.0;4.0;3.0;2;2;left_weight <= 2.00 AND right_weight > 3.00 AND left_distance <= 3.00;3;0.9867924528301887;0.1048;0.9803921568627451;0.22624434389140272
4.0;4.0;4.0;3.0;1;1;left_distance > 3.00 AND left_weight > 3.00 AND right_distance <= 3.00;3;0.9900497512437811;0.0969;0.98;0.22580645161290322
2.0;2.0;4.0;4.0;2;2;left_weight <= 2.00 AND right_weight > 3.00 AND right_distance > 3.00;3;1.0;0.0732;1.0;0.1583710407239819
3.0;5.0;1.0;3.0;1;1;left_distance > 4.00 AND right_weight <= 2.00 AND right_distance <= 3.00;3;1.0;0.0412;1.0;0.10599078341013825
2.0;2.0;3.0;3.0;2;2;left_weight <= 2.00 AND left_distance <= 2.00 AND right_distance > 2.00;3;0.985781990521327;0.0979;0.9803921568627451;0.22624434389140272
3.0;3.0;2.0;5.0;2;2;right_distance > 4.00 AND left_weight <= 3.00 AND left_distance <= 3.00;3;0.9941176470588236;0.0698;0.972972972972973;0.16289592760180996
2.0;3.0;4.0;4.0;2;2;right_weight > 3.00 AND left_weight <= 2.00 AND right_distance > 3.00;3;1.0;0.0655;1.0;0.1583710407239819
2.0;2.0;1.0;3.0;1;0;right_distance <= 3.00 AND left_distance <= 2.00 AND right_weight <= 2.00 AND left_weight <= 2.00;4;0.31543624161073824;0.0391;0.3684210526315789;0.1076923076923077
3.0;5.0;2.0;1.0;1;1;left_distance > 4.00 AND right_weight <= 2.00 AND right_distance <= 3.00;3;1.0;0.041;1.0;0.10599078341013825
3.0;5.0;4.0;1.0;1;1;left_distance > 4.00 AND right_distance <= 2.00 AND left_weight > 2.00;3;1.0;0.0463;1.0;0.1152073732718894
2.0;5.0;1.0;2.0;1;1;left_distance > 4.00 AND right_weight <= 2.00;2;0.9514925373134329;0.0775;0.925;0.17050691244239632
3.0;5.0;3.0;2.0;1;1;left_distance > 4.00 AND right_distance <= 2.00 AND left_weight > 2.00;3;1.0;0.0477;1.0;0.1152073732718894
4.0;4.0;5.0;3.0;1;0;right_weight > 4.00 AND 3.00 < left_distance <= 4.00 AND 2.00 < right_distance <= 3.00 AND 3.00 < left_weight <= 4.00;4;1.0;0.0022;1.0;0.03076923076923077
1.0;5.0;1.0;4.0;1;1;left_distance > 4.00 AND right_weight <= 2.00 AND right_distance <= 4.00;3;0.9715189873417721;0.059;0.967741935483871;0.1382488479262673
4.0;3.0;1.0;2.0;1;1;right_distance <= 2.00 AND right_weight <= 2.00 AND left_weight > 3.00;3;1.0;0.0675;1.0;0.15668202764976957
1.0;3.0;5.0;5.0;2;2;right_distance > 4.00 AND right_weight > 4.00;2;0.9691358024691358;0.0401;0.9523809523809523;0.09049773755656108
5.0;5.0;3.0;4.0;1;1;left_weight > 4.00 AND left_distance > 4.00;2;0.95;0.0397;0.9523809523809523;0.09216589861751152
5.0;5.0;1.0;2.0;1;1;left_weight > 4.00 AND left_distance > 4.00;2;0.9589905362776026;0.0416;0.9523809523809523;0.09216589861751152
1.0;5.0;4.0;5.0;2;2;right_distance > 4.00 AND right_weight > 3.00 AND left_weight <= 2.00;3;1.0;0.0346;1.0;0.08144796380090498
4.0;2.0;5.0;3.0;2;2;right_weight > 4.00 AND left_distance <= 2.00 AND right_distance > 2.00;3;1.0;0.0443;1.0;0.1085972850678733
5.0;1.0;2.0;3.0;2;1;left_weight > 4.00 AND right_weight <= 2.00 AND right_distance <= 3.00;3;1.0;0.0498;1.0;0.11981566820276497
5.0;4.0;3.0;2.0;1;1;left_weight > 4.00 AND right_distance <= 2.00 AND left_distance > 3.00;3;1.0;0.032;1.0;0.07834101382488479
2.0;4.0;2.0;3.0;1;1;right_weight <= 2.00 AND left_distance > 3.00 AND right_distance <= 3.00;3;0.9878542510121457;0.0912;1.0;0.21658986175115208
3.0;5.0;3.0;3.0;1;1;left_distance > 4.00 AND left_weight > 2.00 AND right_distance <= 3.00;3;0.9835164835164835;0.0748;0.9722222222222222;0.16129032258064516
4.0;1.0;2.0;4.0;2;2;right_distance > 3.00 AND left_distance <= 2.00 AND left_weight <= 4.00;3;0.9397260273972603;0.1336;0.927536231884058;0.2895927601809955
3.0;5.0;5.0;1.0;1;1;left_distance > 4.00 AND right_distance <= 2.00 AND left_weight > 2.00;3;1.0;0.0449;1.0;0.1152073732718894
4.0;5.0;1.0;4.0;1;1;left_distance > 4.00 AND right_weight <= 2.00 AND left_weight > 3.00;3;1.0;0.0288;1.0;0.07834101382488479
1.0;1.0;2.0;4.0;2;2;left_distance <= 2.00 AND right_distance > 3.00 AND left_weight <= 2.00;3;1.0;0.0689;1.0;0.1493212669683258
4.0;2.0;3.0;2.0;1;1;left_weight > 3.00 AND right_distance <= 2.00 AND right_weight <= 3.00;3;0.9591194968553459;0.1026;0.9807692307692307;0.2350230414746544
1.0;2.0;3.0;2.0;2;2;left_distance <= 2.00 AND left_weight <= 2.00 AND right_weight > 2.00;3;0.9951100244498777;0.099;0.9803921568627451;0.22624434389140272
2.0;1.0;3.0;5.0;2;2;right_distance > 4.00 AND left_weight <= 2.00 AND right_weight > 2.00;3;1.0;0.051;1.0;0.12217194570135746
3.0;1.0;1.0;4.0;2;2;left_distance <= 2.00 AND right_distance > 3.00 AND left_weight <= 3.00;3;0.9934640522875817;0.0994;0.98;0.22171945701357465
3.0;3.0;1.0;4.0;1;1;right_weight <= 2.00 AND left_distance > 2.00 AND left_weight > 2.00;3;0.95;0.136;0.9577464788732394;0.31336405529953915
4.0;3.0;1.0;1.0;1;1;right_weight <= 2.00 AND right_distance <= 2.00 AND left_weight > 3.00;3;1.0;0.0674;1.0;0.15668202764976957
1.0;3.0;2.0;5.0;2;2;right_distance > 4.00 AND left_weight <= 2.00 AND left_distance <= 3.00;3;1.0;0.0466;1.0;0.11312217194570136
1.0;5.0;3.0;2.0;2;1;left_distance > 4.00 AND right_distance <= 2.00 AND right_weight <= 3.00;3;1.0;0.0448;1.0;0.10599078341013825
5.0;2.0;2.0;3.0;1;1;left_weight > 4.00 AND right_weight <= 2.00 AND right_distance <= 3.00;3;1.0;0.0549;1.0;0.11981566820276497
4.0;1.0;5.0;2.0;2;2;right_weight > 4.00 AND left_distance <= 2.00 AND left_weight <= 4.00;3;0.9829787234042553;0.0611;0.9666666666666667;0.13122171945701358
4.0;3.0;2.0;4.0;1;1;right_weight <= 2.00 AND left_weight > 3.00 AND left_distance > 2.00;3;0.9854545454545455;0.087;1.0;0.2119815668202765
3.0;1.0;3.0;3.0;2;2;left_distance <= 2.00 AND right_weight > 2.00 AND left_weight <= 3.00;3;0.9726688102893891;0.1456;0.958904109589041;0.3167420814479638
5.0;1.0;4.0;5.0;2;2;right_distance > 4.00 AND left_distance <= 2.00 AND right_weight > 3.00;3;1.0;0.0311;1.0;0.07692307692307693
3.0;2.0;5.0;3.0;2;2;right_weight > 4.00 AND left_distance <= 2.00 AND right_distance > 2.00;3;1.0;0.048;1.0;0.1085972850678733
2.0;2.0;1.0;1.0;1;1;right_distance <= 2.00 AND right_weight <= 2.00;2;0.869811320754717;0.1539;0.8961038961038961;0.31797235023041476
3.0;1.0;4.0;2.0;2;2;left_distance <= 2.00 AND right_weight > 3.00 AND left_weight <= 3.00;3;0.9790575916230366;0.0995;0.98;0.22171945701357465
5.0;2.0;3.0;4.0;2;0;left_weight > 4.00 AND 3.00 < right_distance <= 4.00 AND 2.00 < right_weight <= 3.00 AND left_distance <= 2.00;4;0.5423105224429727;0.0017;1.0;0.03076923076923077
3.0;5.0;2.0;5.0;1;1;left_distance > 4.00 AND right_weight <= 2.00 AND left_weight > 2.00;3;1.0;0.0491;1.0;0.1152073732718894
5.0;3.0;1.0;1.0;1;1;left_weight > 4.00 AND right_weight <= 2.00 AND right_distance <= 2.00;3;1.0;0.0323;1.0;0.08294930875576037
1.0;2.0;3.0;4.0;2;2;left_weight <= 2.00 AND right_distance > 3.00 AND left_distance <= 2.00;3;1.0;0.0616;1.0;0.1493212669683258
4.0;4.0;4.0;4.0;0;0;3.00 < left_weight <= 4.00 AND 3.00 < left_distance <= 4.00 AND 3.00 < right_weight <= 4.00 AND 3.00 < right_distance <= 4.00;4;1.0;0.0016;1.0;0.03076923076923077
3.0;3.0;2.0;3.0;1;1;right_weight <= 2.00 AND left_weight > 2.00 AND right_distance <= 3.00;3;0.9599198396793587;0.1436;0.9722222222222222;0.3225806451612903
2.0;3.0;5.0;4.0;2;2;right_weight > 4.00 AND left_weight <= 2.00 AND right_distance > 2.00;3;1.0;0.0508;1.0;0.11764705882352941
5.0;4.0;3.0;3.0;1;1;left_weight > 4.00 AND left_distance > 3.00 AND right_distance <= 3.00;3;1.0;0.0501;1.0;0.1152073732718894
4.0;3.0;2.0;3.0;1;1;right_weight <= 2.00 AND left_weight > 3.00 AND left_distance > 2.00;3;0.9968652037617555;0.087;1.0;0.2119815668202765
2.0;1.0;5.0;2.0;2;2;right_weight > 4.00 AND left_weight <= 2.00 AND left_distance <= 2.00;3;1.0;0.0308;1.0;0.07239819004524888
5.0;4.0;4.0;4.0;1;1;left_weight > 4.00 AND left_distance > 3.00 AND right_weight <= 4.00;3;0.9869565217391304;0.0584;1.0;0.1382488479262673
5.0;3.0;1.0;3.0;1;1;left_weight > 4.00 AND right_weight <= 2.00 AND left_distance > 2.00;3;1.0;0.0394;1.0;0.09216589861751152
2.0;1.0;5.0;3.0;2;2;right_weight > 4.00 AND left_weight <= 2.00 AND left_distance <= 2.00;3;1.0;0.0275;1.0;0.07239819004524888
4.0;4.0;2.0;2.0;1;1;right_distance <= 2.00 AND right_weight <= 2.00 AND left_weight > 3.00;3;1.0;0.0668;1.0;0.15668202764976957
3.0;4.0;5.0;4.0;2;2;right_weight > 4.00 AND right_distance > 3.00 AND left_weight <= 3.00;3;1.0;0.0494;1.0;0.11764705882352941
3.0;4.0;1.0;1.0;1;1;right_weight <= 2.00 AND left_distance > 3.00 AND right_distance <= 2.00;3;1.0;0.06;1.0;0.14746543778801843
5.0;3.0;5.0;2.0;1;1;left_weight > 4.00 AND right_distance <= 2.00 AND left_distance > 2.00;3;1.0;0.0446;1.0;0.1152073732718894
1.0;5.0;5.0;4.0;2;2;right_weight > 4.00 AND left_weight <= 2.00 AND right_distance > 2.00;3;1.0;0.0489;1.0;0.11764705882352941
5.0;1.0;5.0;5.0;2;2;right_weight > 4.00 AND right_distance > 4.00 AND left_distance <= 2.00;3;1.0;0.0138;1.0;0.03167420814479638
1.0;4.0;5.0;2.0;2;2;right_weight > 4.00 AND left_weight <= 2.00 AND left_distance <= 4.00;3;1.0;0.0631;1.0;0.14479638009049775
2.0;1.0;4.0;4.0;2;2;right_distance > 3.00 AND left_weight <= 2.00 AND left_distance <= 2.00;3;1.0;0.0621;1.0;0.1493212669683258
2.0;5.0;3.0;5.0;2;2;right_distance > 4.00 AND left_weight <= 2.00 AND right_weight > 2.00;3;1.0;0.055;1.0;0.12217194570135746
4.0;1.0;4.0;5.0;2;2;right_distance > 4.00 AND left_distance <= 2.00 AND right_weight > 3.00;3;1.0;0.0305;1.0;0.07692307692307693
4.0;4.0;1.0;4.0;1;1;left_weight > 3.00 AND right_weight <= 2.00 AND left_distance > 3.00;3;1.0;0.0613;1.0;0.14285714285714285
1.0;4.0;5.0;3.0;2;2;right_weight > 4.00 AND left_weight <= 2.00 AND right_distance > 2.00;3;1.0;0.0482;1.0;0.11764705882352941
3.0;5.0;5.0;2.0;1;1;left_distance > 4.00 AND right_distance <= 2.00 AND left_weight > 2.00;3;1.0;0.0442;1.0;0.1152073732718894
3.0;3.0;5.0;5.0;2;2;right_distance > 4.00 AND right_weight > 4.00;2;0.9589552238805971;0.0412;0.9523809523809523;0.09049773755656108
3.0;2.0;1.0;5.0;1;2;right_distance > 4.00 AND left_distance <= 2.00 AND left_weight <= 3.00;3;1.0;0.0445;1.0;0.10407239819004525
3.0;2.0;4.0;4.0;2;2;right_weight > 3.00 AND left_distance <= 2.00 AND right_distance > 3.00;3;1.0;0.066;1.0;0.15384615384615385
3.0;1.0;1.0;5.0;2;2;right_distance > 4.00 AND left_distance <= 2.00 AND left_weight <= 3.00;3;1.0;0.043;1.0;0.10407239819004525
4.0;2.0;1.0;1.0;1;1;right_weight <= 2.00 AND right_distance <= 2.00 AND left_weight > 3.00;3;1.0;0.0639;1.0;0.15668202764976957
1.0;5.0;5.0;3.0;2;2;right_weight > 4.00 AND left_weight <= 2.00 AND right_distance > 2.00;3;1.0;0.0499;1.0;0.11764705882352941
2.0;3.0;2.0;4.0;2;2;left_weight <= 2.00 AND right_distance > 3.00 AND left_distance <= 3.00;3;0.978319783197832;0.1009;0.98;0.22171945701357465
2.0;4.0;1.0;3.0;1;1;right_weight <= 2.00 AND left_distance > 3.00 AND right_distance <= 3.00;3;0.9918256130790191;0.0999;1.0;0.21658986175115208
3.0;3.0;5.0;4.0;2;2;right_weight > 4.00 AND right_distance > 3.00 AND left_weight <= 3.00;3;1.0;0.0508;1.0;0.11764705882352941
2.0;5.0;5.0;2.0;0;0;left_distance > 4.00 AND right_weight > 4.00 AND right_distance <= 2.00 AND left_weight <= 2.00;4;0.5385814497272019;0.0068;0.6;0.046153846153846156
5.0;3.0;5.0;3.0;0;0;2.00 < left_distance <= 3.00 AND left_weight > 4.00 AND right_weight > 4.00 AND 2.00 < right_distance <= 3.00;4;1.0;0.0012;1.0;0.03076923076923077
4.0;3.0;4.0;3.0;0;0;3.00 < left_weight <= 4.00 AND 2.00 < left_distance <= 3.00 AND 3.00 < right_weight <= 4.00 AND 2.00 < right_distance <= 3.00;4;1.0;0.0021;1.0;0.03076923076923077
5.0;1.0;4.0;2.0;2;0;left_weight > 3.00 AND right_weight > 3.00 AND right_distance <= 2.00 AND left_distance <= 2.00;4;0.42105263157894735;0.0264;0.5;0.1076923076923077
4.0;3.0;5.0;2.0;1;0;right_distance <= 2.00 AND right_weight > 4.00 AND 3.00 < left_weight <= 4.00 AND 2.00 < left_distance <= 3.00;4;0.5370813397129187;0.0034;0.6666666666666666;0.03076923076923077
5.0;2.0;5.0;5.0;2;2;right_weight > 4.00 AND right_distance > 4.00 AND left_distance <= 2.00;3;1.0;0.0115;1.0;0.03167420814479638
4.0;2.0;5.0;5.0;2;2;right_distance > 4.00 AND right_weight > 4.00;2;0.9774436090225563;0.0418;0.9523809523809523;0.09049773755656108
2.0;1.0;1.0;1.0;1;1;right_distance <= 2.00 AND right_weight <= 2.00;2;0.8914728682170543;0.1592;0.8961038961038961;0.31797235023041476
4.0;2.0;1.0;3.0;1;1;right_weight <= 2.00 AND left_weight > 3.00 AND right_distance <= 3.00;3;0.9873737373737373;0.0956;1.0;0.2304147465437788
4.0;4.0;3.0;4.0;1;1;left_distance > 3.00 AND left_weight > 3.00 AND right_weight <= 3.00;3;0.9838187702265372;0.0982;0.9787234042553191;0.2119815668202765
4.0;3.0;5.0;5.0;2;2;right_weight > 4.00 AND right_distance > 4.00;2;0.9606557377049181;0.0386;0.9523809523809523;0.09049773755656108
2.0;4.0;5.0;4.0;2;2;right_weight > 4.00 AND right_distance > 3.00 AND left_weight <= 3.00;3;1.0;0.049;1.0;0.11764705882352941
3.0;4.0;4.0;3.0;0;0;2.00 < left_weight <= 3.00 AND 2.00 < right_distance <= 3.00 AND 3.00 < right_weight <= 4.00 AND 3.00 < left_distance <= 4.00;4;1.0;0.002;1.0;0.03076923076923077
1.0;3.0;1.0;4.0;2;2;right_distance > 3.00 AND left_weight <= 2.00 AND left_distance <= 3.00;3;0.9800664451827242;0.1017;0.98;0.22171945701357465
2.0;4.0;4.0;5.0;2;2;right_distance > 4.00 AND right_weight > 3.00 AND left_weight <= 2.00;3;1.0;0.0346;1.0;0.08144796380090498
2.0;1.0;1.0;5.0;2;2;right_distance > 4.00 AND left_weight <= 2.00 AND left_distance <= 3.00;3;1.0;0.0474;1.0;0.11312217194570136
5.0;4.0;1.0;2.0;1;1;left_weight > 4.00 AND left_distance > 3.00 AND right_weight <= 2.00;3;1.0;0.0253;1.0;0.06451612903225806
4.0;3.0;1.0;5.0;1;1;right_weight <= 2.00 AND left_weight > 3.00 AND left_distance > 2.00;3;0.9849624060150376;0.086;1.0;0.2119815668202765
4.0;5.0;3.0;2.0;1;1;left_distance > 4.00 AND right_distance <= 2.00 AND left_weight > 3.00;3;1.0;0.0298;1.0;0.07373271889400922
5.0;3.0;4.0;3.0;1;1;left_weight > 4.00 AND right_distance <= 3.00 AND left_distance > 2.00;3;0.9854227405247813;0.0709;0.972972972972973;0.16589861751152074
4.0;3.0;2.0;2.0;1;1;right_weight <= 2.00 AND left_weight > 3.00 AND right_distance <= 2.00;3;1.0;0.0636;1.0;0.15668202764976957
1.0;5.0;1.0;1.0;1;1;left_distance > 4.00 AND right_weight <= 2.00 AND right_distance <= 3.00;3;1.0;0.044;1.0;0.10599078341013825
4.0;3.0;3.0;4.0;0;0;2.00 < left_distance <= 3.00 AND 2.00 < right_weight <= 3.00 AND 3.00 < right_distance <= 4.00 AND 3.00 < left_weight <= 4.00;4;1.0;0.0018;1.0;0.03076923076923077
4.0;1.0;3.0;2.0;2;0;2.00 < left_weight <= 4.00 AND 2.00 < right_weight <= 3.00 AND left_distance <= 2.00 AND right_distance <= 2.00;4;0.32521739130434785;0.0105;0.3333333333333333;0.03076923076923077
5.0;5.0;1.0;5.0;1;1;left_weight > 4.00 AND left_distance > 4.00;2;0.9613733905579399;0.0437;0.9523809523809523;0.09216589861751152
3.0;2.0;4.0;5.0;2;2;right_distance > 4.00 AND right_weight > 3.00 AND left_distance <= 2.00;3;1.0;0.034;1.0;0.07692307692307693
3.0;1.0;4.0;3.0;2;2;left_distance <= 2.00 AND right_weight > 3.00 AND right_distance > 2.00;3;0.9892703862660944;0.0986;0.9803921568627451;0.22624434389140272
5.0;1.0;1.0;2.0;1;1;left_weight > 4.00 AND right_weight <= 2.00 AND right_distance <= 2.00;3;1.0;0.0342;1.0;0.08294930875576037
4.0;4.0;1.0;2.0;1;1;right_weight <= 2.00 AND left_weight > 3.00 AND left_distance > 3.00;3;1.0;0.0624;1.0;0.14285714285714285
1.0;5.0;3.0;3.0;2;0;left_weight <= 2.00 AND left_distance > 4.00 AND 2.00 < right_distance <= 3.00 AND 2.00 < right_weight <= 3.00;4;0.5024458420684835;0.005;0.6666666666666666;0.03076923076923077
2.0;3.0;1.0;5.0;1;2;right_distance > 4.00 AND left_weight <= 2.00 AND left_distance <= 3.00;3;1.0;0.0505;1.0;0.11312217194570136
4.0;4.0;2.0;3.0;1;1;right_weight <= 2.00 AND left_weight > 3.00 AND left_distance > 3.00;3;1.0;0.0602;1.0;0.14285714285714285
5.0;1.0;1.0;1.0;1;1;left_weight > 4.00 AND right_weight <= 2.00 AND right_distance <= 2.00;3;1.0;0.0374;1.0;0.08294930875576037
4.0;5.0;3.0;4.0;1;1;left_distance > 4.00 AND left_weight > 3.00 AND right_weight <= 3.00;3;1.0;0.0456;1.0;0.11059907834101383
3.0;5.0;5.0;4.0;2;2;right_weight > 4.00 AND right_distance > 3.00 AND left_weight <= 3.00;3;1.0;0.0478;1.0;0.11764705882352941
3.0;3.0;3.0;5.0;2;2;right_distance > 4.00 AND left_weight <= 3.00 AND left_distance <= 3.00;3;0.974025974025974;0.0744;0.972972972972973;0.16289592760180996
2.0;2.0;1.0;2.0;1;1;right_weight <= 2.00 AND right_distance <= 2.00;2;0.8930921052631579;0.1427;0.8961038961038961;0.31797235023041476
2.0;2.0;5.0;2.0;2;2;right_weight > 4.00 AND left_weight <= 2.00 AND left_distance <= 2.00;3;1.0;0.0285;1.0;0.07239819004524888
2.0;5.0;2.0;4.0;1;1;left_distance > 4.00 AND right_weight <= 2.00 AND right_distance <= 4.00;3;0.9725085910652921;0.0625;0.967741935483871;0.1382488479262673
3.0;3.0;2.0;2.0;1;1;right_weight <= 2.00 AND right_distance <= 2.00 AND left_distance > 2.00;3;0.9932203389830508;0.0884;1.0;0.2119815668202765
4.0;4.0;3.0;5.0;1;0;2.00 < right_weight <= 3.00 AND 3.00 < left_distance <= 4.00 AND 3.00 < left_weight <= 4.00 AND right_distance > 4.00;4;1.0;0.0032;1.0;0.03076923076923077
2.0;2.0;3.0;5.0;2;2;right_distance > 4.00 AND left_distance <= 2.00 AND right_weight > 2.00;3;1.0;0.0457;1.0;0.11764705882352941
3.0;3.0;4.0;3.0;2;2;right_weight > 3.00 AND left_weight <= 3.00 AND left_distance <= 3.00;3;0.9686411149825784;0.153;0.9333333333333333;0.3167420814479638
2.0;1.0;3.0;2.0;2;2;left_weight <= 2.00 AND left_distance <= 2.00 AND right_weight > 2.00;3;0.9641943734015346;0.1022;0.9803921568627451;0.22624434389140272
4.0;2.0;3.0;1.0;1;1;right_distance <= 2.00 AND left_weight > 3.00 AND right_weight <= 3.00;3;0.9901639344262295;0.1036;0.9807692307692307;0.2350230414746544
2.0;3.0;5.0;3.0;2;2;right_weight > 4.00 AND left_weight <= 2.00 AND right_distance > 2.00;3;1.0;0.0498;1.0;0.11764705882352941
3.0;5.0;2.0;4.0;1;1;left_distance > 4.00 AND right_weight <= 2.00 AND left_weight > 2.00;3;1.0;0.0452;1.0;0.1152073732718894
3.0;1.0;2.0;4.0;2;2;right_distance > 3.00 AND left_distance <= 2.00 AND left_weight <= 3.00;3;0.9583333333333334;0.1;0.98;0.22171945701357465
2.0;5.0;2.0;3.0;1;1;left_distance > 4.00 AND right_weight <= 2.00 AND right_distance <= 3.00;3;1.0;0.0417;1.0;0.10599078341013825
1.0;5.0;4.0;1.0;1;1;left_distance > 4.00 AND right_distance <= 2.00 AND right_weight <= 4.00;3;0.9767441860465116;0.062;0.9696969696969697;0.14746543778801843
1.0;5.0;5.0;1.0;0;0;right_weight > 4.00 AND left_distance > 4.00 AND left_weight <= 2.00 AND right_distance <= 2.00;4;0.5313059033989267;0.0079;0.6;0.046153846153846156
4.0;4.0;5.0;1.0;1;1;left_distance > 3.00 AND left_weight > 3.00 AND right_distance <= 2.00;3;1.0;0.069;1.0;0.15668202764976957
3.0;2.0;2.0;3.0;0;0;2.00 < left_weight <= 3.00 AND left_distance <= 2.00 AND 2.00 < right_distance <= 3.00 AND right_weight <= 2.00;4;0.5424610051993067;0.0068;0.75;0.046153846153846156
4.0;1.0;1.0;2.0;1;1;right_distance <= 2.00 AND right_weight <= 2.00 AND left_weight > 3.00;3;1.0;0.0651;1.0;0.15668202764976957
4.0;1.0;2.0;5.0;2;2;right_distance > 4.00 AND left_distance <= 2.00 AND left_weight <= 4.00;3;0.9616858237547893;0.0696;0.9696969696969697;0.14479638009049775
2.0;4.0;5.0;5.0;2;2;right_distance > 4.00 AND right_weight > 4.00;2;0.9785714285714285;0.0427;0.9523809523809523;0.09049773755656108
5.0;4.0;4.0;2.0;1;1;left_weight > 4.00 AND right_distance <= 2.00 AND left_distance > 3.00;3;1.0;0.0314;1.0;0.07834101382488479
4.0;5.0;5.0;1.0;1;1;left_distance > 4.00 AND right_distance <= 2.00 AND left_weight > 3.00;3;1.0;0.0293;1.0;0.07373271889400922
3.0;4.0;5.0;3.0;2;2;right_weight > 4.00 AND right_distance > 2.00 AND left_weight <= 3.00;3;0.9747191011235955;0.0753;0.9743589743589743;0.17194570135746606
2.0;1.0;1.0;3.0;2;2;left_distance <= 2.00 AND left_weight <= 2.00 AND right_distance > 2.00;3;0.9875259875259875;0.1016;0.9803921568627451;0.22624434389140272
5.0;5.0;4.0;4.0;1;1;left_weight > 4.00 AND left_distance > 4.00;2;0.9805825242718447;0.0413;0.9523809523809523;0.09216589861751152
4.0;3.0;5.0;1.0;1;1;right_distance <= 2.00 AND left_weight > 3.00 AND left_distance > 2.00;3;0.974903474903475;0.0998;0.9807692307692307;0.2350230414746544
3.0;2.0;3.0;1.0;1;1;right_distance <= 2.00 AND right_weight <= 3.00 AND left_weight > 2.00;3;0.9507829977628636;0.1327;0.9857142857142858;0.31797235023041476
5.0;4.0;1.0;1.0;1;1;left_weight > 4.00 AND right_weight <= 2.00 AND left_distance > 3.00;3;1.0;0.0291;1.0;0.06451612903225806
1.0;2.0;4.0;4.0;2;2;left_weight <= 2.00 AND left_distance <= 2.00 AND right_distance > 3.00;3;1.0;0.0646;1.0;0.1493212669683258
1.0;5.0;2.0;3.0;2;1;left_distance > 4.00 AND right_weight <= 2.00 AND right_distance <= 3.00;3;1.0;0.0457;1.0;0.10599078341013825
5.0;2.0;1.0;2.0;1;1;left_weight > 4.00 AND right_weight <= 2.00 AND right_distance <= 2.00;3;1.0;0.0351;1.0;0.08294930875576037
4.0;5.0;2.0;4.0;1;1;left_distance > 4.00 AND left_weight > 3.00 AND right_weight <= 2.00;3;1.0;0.034;1.0;0.07834101382488479
2.0;1.0;2.0;4.0;2;2;left_distance <= 2.00 AND right_distance > 3.00 AND left_weight <= 2.00;3;1.0;0.0633;1.0;0.1493212669683258
4.0;3.0;4.0;1.0;1;1;left_weight > 3.00 AND right_distance <= 2.00 AND left_distance > 2.00;3;0.9788359788359788;0.1054;0.9807692307692307;0.2350230414746544
1.0;3.0;3.0;2.0;2;2;left_weight <= 2.00 AND left_distance <= 3.00 AND right_weight > 2.00;3;0.948073701842546;0.1428;0.9459459459459459;0.3167420814479638
1.0;2.0;4.0;5.0;2;2;right_distance > 4.00 AND left_weight <= 2.00 AND right_weight > 3.00;3;1.0;0.0355;1.0;0.08144796380090498
2.0;2.0;4.0;5.0;2;2;right_distance > 4.00 AND left_weight <= 2.00 AND right_weight > 3.00;3;1.0;0.0346;1.0;0.08144796380090498
1.0;3.0;4.0;1.0;2;2;left_weight <= 2.00 AND right_weight > 3.00 AND left_distance <= 3.00;3;0.9806629834254144;0.102;0.9803921568627451;0.22624434389140272
3.0;2.0;2.0;4.0;2;2;right_distance > 3.00 AND left_distance <= 2.00 AND left_weight <= 3.00;3;0.9835526315789473;0.0983;0.98;0.22171945701357465
1.0;4.0;3.0;1.0;1;1;left_distance > 3.00 AND right_distance <= 2.00 AND right_weight <= 3.00;3;0.9892086330935251;0.0881;1.0;0.2073732718894009
2.0;5.0;4.0;3.0;2;0;2.00 < right_distance <= 3.00 AND left_distance > 4.00 AND left_weight <= 2.00 AND 2.00 < right_weight <= 4.00;4;0.5025234318673396;0.0077;0.6;0.046153846153846156
2.0;3.0;3.0;2.0;0;0;right_distance <= 2.00 AND 2.00 < right_weight <= 3.00 AND 2.00 < left_distance <= 3.00 AND left_weight <= 2.00;4;0.5210022107590273;0.0064;0.5;0.03076923076923077
3.0;4.0;1.0;2.0;1;1;right_weight <= 2.00 AND right_distance <= 2.00 AND left_distance > 3.00;3;1.0;0.0658;1.0;0.14746543778801843
2.0;2.0;2.0;5.0;2;2;right_distance > 4.00 AND left_weight <= 2.00 AND left_distance <= 3.00;3;1.0;0.0474;1.0;0.11312217194570136
1.0;1.0;3.0;3.0;2;2;left_weight <= 2.00 AND left_distance <= 2.00 AND right_weight > 2.00;3;0.9940652818991098;0.096;0.9803921568627451;0.22624434389140272
1.0;2.0;3.0;1.0;2;2;left_distance <= 2.00 AND left_weight <= 2.00 AND right_weight > 2.00;3;0.9977011494252873;0.1019;0.9803921568627451;0.22624434389140272
1.0;2.0;1.0;4.0;2;2;left_weight <= 2.00 AND right_distance > 3.00 AND left_distance <= 2.00;3;1.0;0.0618;1.0;0.1493212669683258
2.0;2.0;5.0;1.0;2;2;right_weight > 4.00 AND left_distance <= 2.00 AND left_weight <= 2.00;3;1.0;0.0287;1.0;0.07239819004524888
2.0;1.0;4.0;3.0;2;2;left_weight <= 2.00 AND left_distance <= 2.00 AND right_weight > 3.00;3;1.0;0.0634;1.0;0.1583710407239819
2.0;5.0;3.0;2.0;1;1;left_distance > 4.00 AND right_distance <= 2.00 AND right_weight <= 3.00;3;1.0;0.0443;1.0;0.10599078341013825
5.0;1.0;1.0;4.0;1;1;left_weight > 4.00 AND right_weight <= 2.00 AND right_distance <= 4.00;3;0.9946236559139785;0.0702;0.9696969696969697;0.14746543778801843
5.0;2.0;4.0;1.0;1;1;left_weight > 4.00 AND right_distance <= 2.00 AND right_weight <= 4.00;3;0.9741935483870968;0.0687;0.9722222222222222;0.16129032258064516
5.0;4.0;3.0;1.0;1;1;left_weight > 4.00 AND right_distance <= 2.00 AND left_distance > 3.00;3;1.0;0.0291;1.0;0.07834101382488479
2.0;4.0;5.0;2.0;2;2;right_weight > 4.00 AND left_weight <= 2.00 AND left_distance <= 4.00;3;0.9937106918238994;0.0643;1.0;0.14479638009049775
5.0;3.0;4.0;1.0;1;1;left_weight > 4.00 AND right_distance <= 2.00 AND left_distance > 2.00;3;1.0;0.0466;1.0;0.1152073732718894
1.0;4.0;5.0;1.0;2;2;right_weight > 4.00 AND left_weight <= 2.00 AND left_distance <= 4.00;3;0.9911504424778761;0.0618;1.0;0.14479638009049775
1.0;3.0;1.0;2.0;1;1;right_distance <= 2.00 AND right_weight <= 2.00 AND left_distance > 2.00;3;0.9927797833935018;0.0895;1.0;0.2119815668202765
2.0;5.0;4.0;1.0;1;1;left_distance > 4.00 AND right_distance <= 2.00 AND right_weight <= 4.00;3;0.9689578713968958;0.0634;0.9696969696969697;0.14746543778801843
5.0;2.0;1.0;4.0;1;1;left_weight > 4.00 AND right_weight <= 2.00 AND right_distance <= 4.00;3;0.9686609686609686;0.0694;0.9696969696969697;0.14746543778801843
3.0;5.0;1.0;2.0;1;1;left_distance > 4.00 AND right_distance <= 2.00 AND left_weight > 2.00;3;1.0;0.0498;1.0;0.1152073732718894
5.0;2.0;3.0;2.0;1;1;left_weight > 4.00 AND right_distance <= 2.00 AND right_weight <= 3.00;3;1.0;0.0526;1.0;0.12442396313364056
2.0;3.0;1.0;4.0;1;0;2.00 < right_distance <= 4.00 AND right_weight <= 2.00 AND 2.00 < left_distance <= 3.00 AND left_weight <= 2.00;4;0.39152542372881355;0.0168;0.4444444444444444;0.06153846153846154
4.0;4.0;3.0;1.0;1;1;right_distance <= 2.00 AND left_weight > 3.00 AND left_distance > 3.00;3;1.0;0.0663;1.0;0.15668202764976957
5.0;2.0;5.0;2.0;0;0;right_distance <= 2.00 AND right_weight > 4.00 AND left_distance <= 2.00 AND left_weight > 4.00;4;0.487758945386064;0.0072;0.6;0.046153846153846156
1.0;2.0;4.0;2.0;2;2;left_distance <= 2.00 AND left_weight <= 2.00 AND right_weight > 3.00;3;1.0;0.0699;1.0;0.1583710407239819
5.0;4.0;1.0;3.0;1;1;left_weight > 4.00 AND right_weight <= 2.00 AND left_distance > 3.00;3;1.0;0.0309;1.0;0.06451612903225806
5.0;2.0;4.0;3.0;2;0;2.00 < right_distance <= 3.00 AND left_weight > 4.00 AND left_distance <= 2.00 AND 2.00 < right_weight <= 4.00;4;0.5362134688691232;0.0049;0.5;0.03076923076923077
2.0;4.0;2.0;2.0;1;1;right_distance <= 2.00 AND right_weight <= 2.00 AND left_distance > 3.00;3;1.0;0.0609;1.0;0.14746543778801843
4.0;1.0;4.0;3.0;2;2;left_distance <= 2.00 AND right_weight > 3.00 AND right_distance > 2.00;3;0.9862542955326461;0.1004;0.9803921568627451;0.22624434389140272
4.0;1.0;5.0;3.0;2;2;right_weight > 4.00 AND left_distance <= 2.00 AND right_distance > 2.00;3;1.0;0.0456;1.0;0.1085972850678733
5.0;1.0;5.0;2.0;2;2;right_weight > 4.00 AND left_distance <= 2.00;2;0.9123711340206185;0.0724;0.9;0.16289592760180996
2.0;4.0;4.0;3.0;2;2;left_weight <= 2.00 AND right_weight > 3.00 AND right_distance > 2.00;3;0.9714285714285714;0.102;0.9811320754716981;0.23529411764705882
1.0;1.0;1.0;5.0;2;2;right_distance > 4.00 AND left_weight <= 2.00 AND left_distance <= 3.00;3;1.0;0.0499;1.0;0.11312217194570136
5.0;3.0;1.0;4.0;1;1;left_weight > 4.00 AND right_weight <= 2.00 AND left_distance > 2.00;3;1.0;0.0399;1.0;0.09216589861751152
1.0;4.0;5.0;4.0;2;2;right_weight > 4.00 AND left_weight <= 2.00 AND right_distance > 2.00;3;1.0;0.0549;1.0;0.11764705882352941
4.0;2.0;2.0;2.0;1;1;right_distance <= 2.00 AND left_weight > 3.00 AND right_weight <= 2.00;3;1.0;0.0651;1.0;0.15668202764976957
5.0;1.0;1.0;3.0;1;1;left_weight > 4.00 AND right_weight <= 2.00 AND right_distance <= 3.00;3;1.0;0.0481;1.0;0.11981566820276497
1.0;2.0;5.0;3.0;2;2;right_weight > 4.00 AND left_weight <= 2.00 AND left_distance <= 2.00;3;1.0;0.0284;1.0;0.07239819004524888
1.0;2.0;2.0;3.0;2;2;left_weight <= 2.00 AND left_distance <= 2.00 AND right_distance > 2.00;3;0.9835728952772074;0.0984;0.9803921568627451;0.22624434389140272
2.0;4.0;1.0;1.0;1;1;right_distance <= 2.00 AND right_weight <= 2.00 AND left_distance > 3.00;3;1.0;0.0622;1.0;0.14746543778801843
2.0;1.0;2.0;5.0;2;2;right_distance > 4.00 AND left_weight <= 2.00 AND left_distance <= 3.00;3;1.0;0.047;1.0;0.11312217194570136
1.0;2.0;1.0;3.0;2;2;left_distance <= 2.00 AND left_weight <= 2.00 AND right_distance > 2.00;3;0.9857142857142858;0.0961;0.9803921568627451;0.22624434389140272
5.0;2.0;4.0;5.0;2;2;right_distance > 4.00 AND right_weight > 3.00 AND left_distance <= 2.00;3;1.0;0.0335;1.0;0.07692307692307693
2.0;5.0;2.0;1.0;1;1;left_distance > 4.00 AND right_weight <= 2.00 AND right_distance <= 3.00;3;1.0;0.045;1.0;0.10599078341013825
4.0;5.0;3.0;5.0;1;1;left_distance > 4.00 AND left_weight > 3.00 AND right_weight <= 3.00;3;1.0;0.0448;1.0;0.11059907834101383
4.0;1.0;1.0;4.0;0;0;right_weight <= 2.00 AND 3.00 < right_distance <= 4.00 AND left_distance <= 2.00 AND 3.00 < left_weight <= 4.00;4;0.5070140280561122;0.0087;0.6;0.046153846153846156
3.0;2.0;3.0;4.0;2;2;left_distance <= 2.00 AND right_distance > 3.00 AND right_weight > 2.00;3;0.9931506849315068;0.1027;0.9803921568627451;0.22624434389140272
4.0;2.0;4.0;4.0;2;2;left_distance <= 2.00 AND right_distance > 3.00 AND right_weight > 3.00;3;1.0;0.0659;1.0;0.15384615384615385
4.0;1.0;4.0;2.0;2;2;left_distance <= 2.00 AND right_weight > 3.00 AND left_weight <= 4.00;3;0.9267734553775744;0.1257;0.9242424242424242;0.27601809954751133
4.0;5.0;5.0;4.0;0;0;3.00 < left_weight <= 4.00 AND left_distance > 4.00 AND right_weight > 4.00 AND 3.00 < right_distance <= 4.00;4;1.0;0.0016;1.0;0.03076923076923077
2.0;1.0;3.0;4.0;2;2;left_weight <= 2.00 AND right_distance > 3.00 AND left_distance <= 2.00;3;1.0;0.0652;1.0;0.1493212669683258
1.0;3.0;3.0;3.0;2;2;left_weight <= 2.00 AND right_weight > 2.00 AND left_distance <= 3.00;3;0.9529702970297029;0.1535;0.9459459459459459;0.3167420814479638
4.0;4.0;5.0;2.0;1;1;left_distance > 3.00 AND right_distance <= 2.00 AND left_weight > 3.00;3;1.0;0.0687;1.0;0.15668202764976957
2.0;1.0;1.0;4.0;2;2;left_weight <= 2.00 AND right_distance > 3.00 AND left_distance <= 2.00;3;1.0;0.0656;1.0;0.1493212669683258
5.0;5.0;2.0;3.0;1;1;left_weight > 4.00 AND left_distance > 4.00;2;0.9539473684210527;0.0387;0.9523809523809523;0.09216589861751152
5.0;1.0;5.0;1.0;0;0;right_distance <= 2.00 AND right_weight > 4.00 AND left_weight > 4.00 AND left_distance <= 2.00;4;0.5081967213114754;0.008;0.6;0.046153846153846156
1.0;3.0;3.0;5.0;2;2;right_distance > 4.00 AND left_weight <= 2.00 AND right_weight > 2.00;3;1.0;0.05;1.0;0.12217194570135746
1.0;1.0;3.0;5.0;2;2;right_distance > 4.00 AND left_distance <= 2.00 AND right_weight > 2.00;3;1.0;0.0475;1.0;0.11764705882352941
2.0;2.0;2.0;2.0;0;0;right_weight <= 2.00 AND left_distance <= 2.00 AND right_distance <= 2.00 AND left_weight <= 2.00;4;0.4249329758713137;0.0253;0.46153846153846156;0.09230769230769231
1.0;2.0;4.0;1.0;2;2;right_weight > 3.00 AND left_weight <= 2.00 AND left_distance <= 2.00;3;1.0;0.0646;1.0;0.1583710407239819
4.0;5.0;4.0;3.0;1;1;left_distance > 4.00 AND left_weight > 3.00 AND right_distance <= 3.00;3;1.0;0.0428;1.0;0.10599078341013825
4.0;1.0;1.0;5.0;2;2;right_distance > 4.00 AND left_distance <= 2.00 AND left_weight <= 4.00;3;0.9653679653679653;0.0642;0.9696969696969697;0.14479638009049775
2.0;3.0;3.0;3.0;2;2;left_weight <= 2.00 AND right_weight > 2.00 AND right_distance > 2.00;3;0.9574861367837338;0.159;0.9487179487179487;0.334841628959276
2.0;4.0;4.0;2.0;0;0;left_weight <= 2.00 AND 3.00 < left_distance <= 4.00 AND 3.00 < right_weight <= 4.00 AND right_distance <= 2.00;4;0.4934362934362934;0.0043;0.6666666666666666;0.03076923076923077
1.0;3.0;1.0;3.0;0;0;right_weight <= 2.00 AND left_weight <= 2.00 AND 2.00 < right_distance <= 3.00 AND 2.00 < left_distance <= 3.00;4;0.4812734082397004;0.0073;0.6;0.046153846153846156
3.0;4.0;3.0;3.0;1;1;left_distance > 3.00 AND left_weight > 2.00 AND right_distance <= 3.00;3;0.9552238805970149;0.1477;0.9342105263157895;0.3271889400921659
3.0;2.0;5.0;1.0;1;2;right_weight > 4.00 AND left_distance <= 2.00 AND left_weight <= 3.00;3;1.0;0.0411;1.0;0.10407239819004525
3.0;1.0;1.0;2.0;1;1;right_weight <= 2.00 AND right_distance <= 2.00 AND left_weight > 2.00;3;0.9978118161925602;0.0931;1.0;0.22119815668202766
4.0;4.0;3.0;2.0;1;1;right_distance <= 2.00 AND left_distance > 3.00 AND left_weight > 3.00;3;1.0;0.0646;1.0;0.15668202764976957
4.0;4.0;2.0;1.0;1;1;left_distance > 3.00 AND right_weight <= 2.00 AND left_weight > 3.00;3;1.0;0.0631;1.0;0.14285714285714285
5.0;5.0;5.0;3.0;1;1;left_weight > 4.00 AND left_distance > 4.00;2;0.9596412556053812;0.0443;0.9523809523809523;0.09216589861751152
3.0;1.0;4.0;5.0;2;2;right_distance > 4.00 AND right_weight > 3.00 AND left_distance <= 2.00;3;1.0;0.0301;1.0;0.07692307692307693
2.0;4.0;1.0;2.0;1;1;right_weight <= 2.00 AND left_distance > 3.00 AND right_distance <= 2.00;3;1.0;0.0633;1.0;0.14746543778801843
2.0;2.0;3.0;2.0;2;2;left_weight <= 2.00 AND left_distance <= 2.00 AND right_weight > 2.00;3;0.9803921568627451;0.1017;0.9803921568627451;0.22624434389140272
5.0;3.0;2.0;1.0;1;1;left_weight > 4.00 AND right_weight <= 2.00 AND right_distance <= 2.00;3;1.0;0.0357;1.0;0.08294930875576037
4.0;2.0;1.0;2.0;1;1;right_weight <= 2.00 AND right_distance <= 2.00 AND left_weight > 3.00;3;1.0;0.0667;1.0;0.15668202764976957
4.0;5.0;1.0;2.0;1;1;left_distance > 4.00 AND right_weight <= 2.00 AND right_distance <= 3.00;3;1.0;0.0461;1.0;0.10599078341013825
1.0;5.0;2.0;1.0;1;1;left_distance > 4.00 AND right_weight <= 2.00 AND right_distance <= 3.00;3;1.0;0.0446;1.0;0.10599078341013825
4.0;1.0;3.0;5.0;2;2;right_distance > 4.00 AND left_distance <= 2.00 AND right_weight > 2.00;3;1.0;0.053;1.0;0.11764705882352941
1.0;1.0;1.0;2.0;2;2;left_weight <= 2.00 AND left_distance <= 2.00;2;0.851063829787234;0.1657;0.8674698795180723;0.3257918552036199
5.0;4.0;2.0;2.0;1;1;left_weight > 4.00 AND right_weight <= 2.00 AND left_distance > 3.00;3;1.0;0.0285;1.0;0.06451612903225806
5.0;3.0;3.0;2.0;1;1;left_weight > 4.00 AND right_distance <= 2.00 AND left_distance > 2.00;3;1.0;0.0509;1.0;0.1152073732718894
1.0;4.0;2.0;1.0;1;1;right_distance <= 2.00 AND right_weight <= 2.00 AND left_distance > 3.00;3;1.0;0.0685;1.0;0.14746543778801843
2.0;4.0;2.0;1.0;1;1;left_distance > 3.00 AND right_weight <= 2.00 AND right_distance <= 2.00;3;1.0;0.0623;1.0;0.14746543778801843
1.0;2.0;2.0;5.0;2;2;right_distance > 4.00 AND left_weight <= 2.00 AND left_distance <= 3.00;3;1.0;0.0451;1.0;0.11312217194570136
5.0;1.0;2.0;4.0;2;0;right_distance > 3.00 AND right_weight <= 2.00 AND left_distance <= 2.00 AND left_weight > 3.00;4;0.3862472567666423;0.0282;0.4;0.09230769230769231
4.0;3.0;1.0;3.0;1;1;right_weight <= 2.00 AND left_weight > 3.00 AND left_distance > 2.00;3;0.9876796714579056;0.0907;1.0;0.2119815668202765
4.0;4.0;1.0;5.0;1;1;right_weight <= 2.00 AND left_distance > 3.00 AND left_weight > 3.00;3;1.0;0.0578;1.0;0.14285714285714285
3.0;5.0;4.0;2.0;1;1;left_distance > 4.00 AND right_distance <= 2.00 AND left_weight > 2.00;3;1.0;0.0485;1.0;0.1152073732718894
1.0;4.0;4.0;2.0;2;2;left_weight <= 2.00 AND right_weight > 3.00 AND left_distance <= 4.00;3;0.9455370650529501;0.1329;0.9701492537313433;0.29411764705882354
3.0;4.0;3.0;5.0;2;2;right_distance > 4.00 AND right_weight > 2.00 AND left_weight <= 3.00;3;0.9805013927576601;0.0811;0.9743589743589743;0.17194570135746606
5.0;3.0;3.0;5.0;0;0;right_distance > 4.00 AND left_weight > 4.00 AND 2.00 < right_weight <= 3.00 AND 2.00 < left_distance <= 3.00;4;1.0;0.0017;1.0;0.03076923076923077
3.0;4.0;5.0;1.0;1;1;left_distance > 3.00 AND right_distance <= 2.00 AND left_weight > 2.00;3;0.9806763285024155;0.102;0.9803921568627451;0.2304147465437788
2.0;5.0;4.0;2.0;1;1;left_distance > 4.00 AND right_distance <= 2.00 AND right_weight <= 4.00;3;0.9642857142857143;0.0639;0.9696969696969697;0.14746543778801843
1.0;1.0;3.0;4.0;2;2;left_weight <= 2.00 AND right_distance > 3.00 AND left_distance <= 2.00;3;1.0;0.0622;1.0;0.1493212669683258
3.0;3.0;4.0;1.0;1;1;right_distance <= 2.00 AND left_weight > 2.00 AND left_distance > 2.00 AND right_weight <= 4.00;4;0.9824561403508771;0.1172;0.9833333333333333;0.271889400921659
4.0;1.0;3.0;3.0;2;2;left_distance <= 2.00 AND right_weight > 2.00 AND right_distance > 2.00;3;0.9651376146788991;0.1485;0.9605263157894737;0.33031674208144796
3.0;1.0;5.0;4.0;2;2;right_weight > 4.00 AND left_distance <= 2.00 AND right_distance > 2.00;3;1.0;0.0437;1.0;0.1085972850678733
2.0;2.0;4.0;2.0;2;2;left_weight <= 2.00 AND right_weight > 3.00 AND left_distance <= 2.00;3;1.0;0.0674;1.0;0.1583710407239819
5.0;5.0;4.0;5.0;1;1;left_distance > 4.00 AND left_weight > 4.00;2;0.9867256637168141;0.0406;0.9523809523809523;0.09216589861751152
4.0;5.0;2.0;5.0;1;1;left_distance > 4.00 AND right_weight <= 2.00 AND left_weight > 3.00;3;1.0;0.0326;1.0;0.07834101382488479
5.0;5.0;2.0;5.0;1;1;left_distance > 4.00 AND left_weight > 4.00;2;0.9718670076726342;0.0391;0.9523809523809523;0.09216589861751152
5.0;1.0;1.0;5.0;0;0;right_distance > 4.00 AND right_weight <= 2.00 AND left_distance <= 2.00 AND left_weight > 4.00;4;0.5100064557779213;0.0038;0.6666666666666666;0.03076923076923077
2.0;5.0;4.0;4.0;2;2;left_weight <= 2.00 AND right_distance > 3.00 AND right_weight > 3.00;3;1.0;0.0681;1.0;0.1583710407239819
5.0;3.0;4.0;2.0;1;1;left_weight > 4.00 AND right_distance <= 2.00 AND left_distance > 2.00;3;1.0;0.0495;1.0;0.1152073732718894
5.0;3.0;3.0;3.0;1;1;left_weight > 4.00 AND left_distance > 2.00 AND right_distance <= 3.00;3;0.9968454258675079;0.0698;0.972972972972973;0.16589861751152074
2.0;3.0;3.0;5.0;2;2;right_distance > 4.00 AND left_weight <= 2.00 AND right_weight > 2.00;3;1.0;0.0503;1.0;0.12217194570135746
4.0;5.0;1.0;1.0;1;1;left_distance > 4.00 AND left_weight > 3.00 AND right_distance <= 2.00;3;1.0;0.0314;1.0;0.07373271889400922
5.0;1.0;3.0;1.0;1;1;left_weight > 4.00 AND right_distance <= 2.00 AND right_weight <= 3.00;3;1.0;0.0505;1.0;0.12442396313364056
1.0;3.0;2.0;4.0;2;2;left_weight <= 2.00 AND right_distance > 3.00 AND left_distance <= 3.00;3;0.9845201238390093;0.0996;0.98;0.22171945701357465
4.0;4.0;5.0;5.0;2;2;right_distance > 4.00 AND right_weight > 4.00;2;0.9805825242718447;0.0405;0.9523809523809523;0.09049773755656108
5.0;3.0;3.0;1.0;1;1;left_weight > 4.00 AND right_distance <= 2.00 AND left_distance > 2.00;3;1.0;0.0496;1.0;0.1152073732718894
3.0;1.0;1.0;3.0;0;0;2.00 < left_weight <= 3.00 AND 2.00 < right_distance <= 3.00 AND left_distance <= 2.00 AND right_weight <= 2.00;4;0.5417582417582417;0.0058;0.75;0.046153846153846156
1.0;1.0;5.0;2.0;2;2;right_weight > 4.00 AND left_weight <= 2.00 AND left_distance <= 2.00;3;1.0;0.0289;1.0;0.07239819004524888
3.0;3.0;3.0;4.0;2;2;right_distance > 3.00 AND right_weight > 2.00 AND left_distance <= 3.00;3;0.9511278195488722;0.1442;0.9342105263157895;0.3212669683257919
4.0;4.0;2.0;5.0;1;1;right_weight <= 2.00 AND left_distance > 3.00 AND left_weight > 3.00;3;1.0;0.0599;1.0;0.14285714285714285
2.0;2.0;3.0;1.0;1;0;2.00 < right_weight <= 3.00 AND left_weight <= 4.00 AND right_distance <= 2.00 AND left_distance <= 2.00;4;0.2328278322925959;0.021;0.25;0.046153846153846156
3.0;2.0;1.0;2.0;1;1;right_weight <= 2.00 AND right_distance <= 2.00 AND left_weight > 2.00;3;0.9881796690307328;0.0931;1.0;0.22119815668202766
2.0;3.0;4.0;2.0;2;2;left_weight <= 2.00 AND right_weight > 3.00 AND left_distance <= 3.00;3;0.9931972789115646;0.1038;0.9803921568627451;0.22624434389140272
4.0;1.0;3.0;1.0;1;1;right_distance <= 2.00 AND left_weight > 3.00 AND right_weight <= 3.00;3;0.9703947368421053;0.1036;0.9807692307692307;0.2350230414746544
4.0;2.0;3.0;4.0;2;2;left_distance <= 2.00 AND right_distance > 3.00 AND right_weight > 2.00;3;0.9796380090497737;0.1059;0.9803921568627451;0.22624434389140272
4.0;5.0;4.0;2.0;1;1;left_distance > 4.00 AND left_weight > 3.00 AND right_distance <= 2.00;3;1.0;0.0335;1.0;0.07373271889400922
3.0;4.0;4.0;4.0;2;2;right_distance > 3.00 AND right_weight > 3.00 AND left_weight <= 3.00;3;0.9887640449438202;0.0958;1.0;0.22624434389140272
3.0;3.0;2.0;4.0;1;0;right_distance > 3.00 AND right_weight <= 2.00 AND 2.00 < left_distance <= 3.00 AND 2.00 < left_weight <= 3.00;4;0.5616570327552987;0.0088;0.6;0.046153846153846156
2.0;1.0;2.0;1.0;0;0;left_weight <= 2.00 AND right_weight <= 2.00 AND left_distance <= 2.00 AND right_distance <= 2.00;4;0.3784977908689249;0.0214;0.46153846153846156;0.09230769230769231
1.0;4.0;5.0;5.0;2;2;right_distance > 4.00 AND right_weight > 4.00;2;0.9651741293532339;0.0425;0.9523809523809523;0.09049773755656108
3.0;5.0;5.0;3.0;0;0;2.00 < right_distance <= 3.00 AND right_weight > 4.00 AND 2.00 < left_weight <= 3.00 AND left_distance > 4.00;4;1.0;0.0018;1.0;0.03076923076923077
1.0;4.0;3.0;3.0;2;2;left_weight <= 2.00 AND right_weight > 2.00 AND right_distance > 2.00;3;0.9584487534626038;0.1547;0.9487179487179487;0.334841628959276
4.0;4.0;2.0;4.0;1;1;right_weight <= 2.00 AND left_distance > 3.00 AND left_weight > 3.00;3;1.0;0.0602;1.0;0.14285714285714285
3.0;4.0;2.0;1.0;1;1;right_distance <= 2.00 AND right_weight <= 2.00 AND left_distance > 3.00;3;1.0;0.0637;1.0;0.14746543778801843
2.0;4.0;3.0;5.0;2;2;right_distance > 4.00 AND left_weight <= 2.00 AND right_weight > 2.00;3;1.0;0.0537;1.0;0.12217194570135746
4.0;4.0;4.0;2.0;1;1;left_weight > 3.00 AND right_distance <= 2.00 AND left_distance > 3.00;3;1.0;0.0681;1.0;0.15668202764976957
1.0;5.0;5.0;2.0;2;2;right_weight > 4.00 AND left_weight <= 2.00;2;0.933456561922366;0.0844;0.9285714285714286;0.17647058823529413
5.0;5.0;3.0;5.0;1;1;left_distance > 4.00 AND left_weight > 4.00;2;0.9539748953974896;0.0411;0.9523809523809523;0.09216589861751152
1.0;1.0;5.0;1.0;2;2;right_weight > 4.00 AND left_weight <= 2.00 AND left_distance <= 2.00;3;1.0;0.0312;1.0;0.07239819004524888
1.0;3.0;5.0;2.0;2;2;right_weight > 4.00 AND left_weight <= 2.00 AND left_distance <= 3.00;3;1.0;0.0443;1.0;0.10407239819004525
1.0;5.0;2.0;2.0;1;1;left_distance > 4.00 AND right_weight <= 2.00 AND right_distance <= 3.00;3;1.0;0.0434;1.0;0.10599078341013825
3.0;1.0;5.0;1.0;2;2;right_weight > 4.00 AND left_distance <= 2.00 AND left_weight <= 3.00;3;1.0;0.0459;1.0;0.10407239819004525
4.0;3.0;3.0;1.0;1;1;left_weight > 3.00 AND right_distance <= 2.00 AND left_distance > 2.00;3;0.9882352941176471;0.1036;0.9807692307692307;0.2350230414746544
1.0;5.0;1.0;3.0;1;1;left_distance > 4.00 AND right_weight <= 2.00 AND right_distance <= 3.00;3;1.0;0.0432;1.0;0.10599078341013825
